Title_1,Title_2,Part_1,Part_2,Model_1,Desc_1,Price
"KL.0C741.LT1 Acer Chromebook 511 C741LT-IPS 11.6"" HD LCD LED Screen Panel",,KL.0C741.LT1,,,,
"KL.0C741.LSV Acer Chromebook 511 C741L Non-Touch 11.6"" HD 30pins LCD LED Screen",,KL.0C741.LSV,,,,
"5D11B39776 14.0"" FHD B140HAK03.2 N140HCN-EA1 for Lenovo Chromebook 14 14e 2nd Gen (Touch)",,,,Lenovo Chromebook 14 14e 2nd Gen (Touch),,
"New B156HAK02.1 15.6"" FHD LCD Touch Screen Slim eDP 40pin Narrow No Brackets IPS Glossy",,,,General Screen,,
"C8TCK 0C8TCK Dell OEM Latitude 14 3410 14.0"" FHD Matte Laptop Replacement LCD Screen",,,,Dell OEM Latitude 14 3410,,
"5D11A22515 LCD Touch Screen 13.3"" 1920×1200 Narrow R133NW4K R0 for Lenovo ThinkPad L13 Gen 3",,,,Lenovo ThinkPad L13 Gen 3,,
"5D10Z77954 Lenovo Chromebook 100E 2ND GEN MTK 2 82Q3 11.6"" HD LCD Screen Replacement Display",,,,Lenovo Chromebook 100E 2ND GEN MTK 2 82Q3,,
X934552-019 28.2 inch LCD Touch Screen LTM282RL01 4K 4096×2160 SAMSUNG Touch Glass Screen Display,,,,,,
"X3KG3 Dell Chromebook/Latitude 14 3400 EDP 14"" FHD LCD Widescreen Matte Screen Panel",,,,Dell Chromebook/Latitude 14 3400,,
"L46551-001 HP Chromebook 14A G5 Display Panel 14.0"" HD Replacement Screen Display",,,,HP Chromebook 14A G5,,
"YTXJK NT133WHM-N61 for Dell Latitude 5300/7300 13.3"" HD LCD Screen Widescreen Matte Panel",,,,Dell Latitude 5300/7300,,
"Asus Chromebook CX3401 CX3401F Flip 14.0"" 1920*1200 Complete LCD Touch Screen Assembly",,,,Asus Chromebook CX3401 CX3401F Flip,,
"B133ZAT02.0 B133HAT03.0 Google Pixelbook Go 13.3"" FHD LCD Touch Screen Chromebook Replacement Panel",,B133ZAT02.0,,,,
N85242-001 SPS-LCD Panel 11.6 HD AG UWVA NTSC TOP for HP Fortis 11 G10 Chromebook,,,,HP Fortis 11 G10 Chromebook,,
"New Acer Aspire A515-44 A515-46 LCD Screen Display Panel 15.6"" FHD LM156LFCL13",,LM156LFCL13,,,,
00HXCK Dell Latitude 7420 14” 1920*1080 FHD Replacement LCD Screen,,,,Dell Latitude 7420,,
"YTXJK Dell Latitude 5320 13.3"" Inch HD Matte LCD Screen Panel",,,,Dell Latitude 5320,,
"783089-001 HP Chromebook 11 G3 11.6"" HD 1366X768 Matte LCD Screen Display",,,,HP Chromebook 11 G3,,
"5D11B81961 5D11B81964 Lenovo Ideapad 3 CB-14IGL05 N140BGA-EA4 14"" 1366*768 Matte 30pin LCD Screen",,5D11B81961 5D11B81964 18010-14003300,,,,
01AG979 23.8” Original Monitor In-cell Touch LM238WF5-SSAP All in one Display For Lenovo Ideacentre AIO 730S-24,,01AG979,,,,
KL.11605.065 LCD Touch Display B116XAK01.0 for Acer Chromebook 511 C734T,,KL.11605.065,,,,
"KL.0C871.SV1 LCD Screen 12.0"" HD Non-touch for Acer Chromebook C871",,KL.0C871.SV1,,,,
L92337-001 HP Chromebook X360 11MK G3 EE LCD Touchscreen Digitizer Assembly With Bezel,,L92337-001,,,,
"6M.AZCN7.001 Acer Chromebook 11 311 R722T-K95L LCD Touch Screen w/ Bezel 11.6"" HD 40 Pin Assembly W/Frame Board G-sensor",,6M.AZCN7.001,,,,
6M.KEAN7.002  6M.KEDN7.001 Acer Chromebook R756TN (TOUCH) LCD B116XAN06.1 LCD Screen w/Frame Board G-sensor,,6M.KEAN7.002 6M.KEDN7.001,,,,
"Lenovo ThinkPad X13 Gen 2/L13 Gen 3 Lcd Touch Screen 13.3"" 1920×1200 40 Pin R133NW4K R0 5D11A22515 5D11A22516 5D11E22832",,,,Lenovo ThinkPad X13 Gen 2/L13 Gen 3,,
XF0N6 PV3NG 5WFVD Dell Latitude 5401 5400 Replacement 14” HD N140BGE-E54 LCD Screen Panel,,,,Dell Latitude 5401 5400,,
"9X60C Laptop Replacement LED LCD Screen 14.0"" FHD Matte Panel for Dell Latitude 3420",,,,Dell Latitude 3420,,
6M.A8ZN7.003 Acer Chromebook Spin R753T 11.6“ HD LCD Touch Screen Assembly 40 Pins Connector with Plastic Bezel,,6M.A8ZN7.003,,,,
5D10U89043 Lenovo Chromebook 300E 81H0 No-Touch w/Frame&Glass Assembly,,5D10U89043,,,,
"1R4F6 01R4F6 11.6"" LCD Screen Matte NT116WHM-N21 General Panel Display for Dell Chromebook",,,,"Dell Chromebook 11, 11 (3120), 11 (3180), 11 (5190), 3100, 3110. -Inspiron 11 (3162), 11 (3164), 11 (3180) -Latitude 3180, 3190, 3120, 3140",,
"Asus Chromebook 15 C523NA Replacement LCD Screen 15.6"" HD NT156WHM-N45 Display",,,,Asus Chromebook 15 C523NA,,
"KL.0C851.TSV KL.0C871.TSV 12"" 1366*912 HD Touch LCD Matte 40Pins No Brackets B120XAK01.0 for Acer C871",,KL.0C851.TSV KL.0C871.TSV,,,,
"KL.0C734.TSV Acer Chromebook 511 C734T LCD Screen 11.6"" HD Touch B116XAK01.0 Laptop Display",,KL.0C734.TSV,,,,
"KL.0C734.1SV Acer Chromebook 511 C734 LCD Display 11.6"" HD 1366×768 30 Pins Replacement Panel",,KL.0C734.1SV,,,,
KL.0C733.TSV Acer Chromebook 11 311 C733T LCD Screen Replacement Display,,KL.0C733.TSV,,,,
KL.0C736.TSV LCD Screen For Acer Chromebook 11 C736T Replacement Panel Display,,KL.0C736.TSV,,,,
"KL.0C733.CV1 Acer Chromebook 11 311 C733 Laptop Replacement 11.6"" 1366*768 LCD LED Screen Display",,KL.0C733.CV1,,,,
KL.0C721.SV1 Acer Chromebook 311 C721 11.6“ HD 1366*768 LCD Screen Display NT116WHM-N21,,KL.0C721.SV1,,,,
"27HP5 Dell latitude 3330 Non-Touch LCD Screen 13.3"" FHD 1920*1080 30 PIN Display",,27HP5,,,,
"0HXCK Dell Latitude 5420 5410 LCD Screen 14.0"" 1920*1080 Matte 30pins Slim Display",,0HXCK,,,,
"Acer Chromebook 11 C736T 11.6"" HD IPS LCD LED Touch Screen Panel KL.11605.067 B116XAK01.0 B116XAK01.2",,KL.11605.067,,,,
00HM194 00HM195 00HT593 00HT600 LCD Screen for Lenovo Thinkpad Yoga 11E NT116WHM-N21/B116XTN02.3,,00HM194 00HM195 00HT593 00HT600,,,,
K1MP9 LCD screen for Dell Inspiron 15 (7580/7570) / Vostro 15 (7590) NV156FHM-N48 V8.2/N156HCA-EN1-REV.C1,,K1MP9,,,,
"KL.11605.056 ACER C741LT 11.6"" HD 1366*768 Glossy B116XAK01.0 LCD LED Touch Screen",,KL.11605.056,,,,
"ATNA60YV05 16.0"" 3840×2400 4K UHD OLED Screen Non-touch Panel Display",,,,,,135
ATNA56WR06-0 15.6” 4K 3840*2160 Laptop OLED Screen Display for AERO 15S OLED XA,,,,AERO 15S OLED XA,,160
ATNA56WR05 15.6” 4K 3840*2160 Laptop OLED Screen Display for Lenovo ThinkPad P53,,,,Lenovo ThinkPad P53,,160
"ATNA56C01 15.6"" 2880*1620 40Pins OLED LCD Screen Display for ASUS K3502Z K6500Z M1503Q",,,,ASUS K3502Z K6500Z M1503Q,,160
"ATNA40YK01-1 14.0"" 2880*1800 90HZ Laptop OLCD Screen Panel Matrix",,,,,,
"Samsung KD116N05-30NV-G007 11.6"" 30pins 1366*768 HD Display LCD LED Replacement Screen/Non Touch Screen",,KD116N05-30NV-G007,,,,
J0N5T MWDNF 1R4F6 PYNXY NT116WHM-N21/N116BGE-EA2 LCD Screen For Dell Chromebook 11 3120/3180/5190/3100/3110,,J0N5T MWDNF 1R4F6 PYNXY/0J0N5T 0MWDNF 01R4F6 0PYNXY,,,,
"18010-17350200 Asus CXB170CKA-212.BCLN6 17.3"" FHD 1920*1080 30pin No Brackets LED Screen Display NV173FHM-N49",,18010-17350200,,,,
"M50440-001 Hp 17-CN1075NR 17-cn0030nr 17.3"" 1600*900 30PIN 60Hz LED Display Screen",,M50440-001,,,,
B173HAN03.2 17.3 FHD 1920*1080 EDP 40 Pins 120Hz LCD Screen For Gaming LCD Display,,,,Gaming Laptop,,
"ASUS TUF Gaming F17 FX706HE-211.TM17 17.3"" FHD 40PIN 144HZ B173HAN04.9 LCD LED Display Screen",,,,ASUS TUF Gaming F17 FX706HE-211.TM17,,
"JYWWF B173QTN01.4 17.3"" 2560*1440 QHD 40 Pin Led Screen Display Matte for Dell Alienware 17 R4/R5",,,,,,
"KL.CB317.1HT 17.3"" FHD 1920*1080 Touch Screen Edp 30pins LED LCD Display Screen for Acer CB317-1HT-P5PF",,,,,,
"LTN170WP-L02 Samsung 17.0"" CCFL LCD Screen 1680*1050 LVDS 30 Pins New Original Grade A Display",,,,,,
"N13807-001 16.1"" FHD 1920*1080 edp 40pin 144HZ LED Display Screen for Hp 16-N0033DX 16-N0000",,N13807-001,,,,
"M54732-001 Hp Victus 16-D0023dx 16.1"" FHD 1920*1080 NV161FHM-N41 30PIN 60Hz LED Display Screen",,M54732-001,,,,
"TL160ADMP03 LCD 16.0"" 2560×1600 EDP 240HZ For Asus ROG Strix G16 G614JZ/HP Victus 16-D",,,,Asus ROG Strix G16 G614JZ/HP Victus 16-D,,
"NV160WUM-NX1 16.0"" 1920×1200 EDP 144HZ LCD Screen Panel for ASUS ROG Zephyrus M16 18010-16020300",,18010-16011500,,,,
"ASUS Vivobook 16X M1603QA-R7512 LCD Screen 16.0"" 1920×1200 EDP for 18010-16011500 B160UAN03.3-HW0B",,18010-16011500,,,,
18010-16020700 NV160WUM-NX3/N160JME-GT1 16.0” 1920*1200 EDP 165HZ for ASUS ROG Zephyrus M16,,18010-16020700,,,,
5D11H29622 16.0“ 165Hz 40pin Matte NE16QDM-NY1 LED Display Screen for Lenovo Legion 7 16ARHA7/5 Pro 16,,,,Lenovo Legion 7 16ARHA7/Lenovo Legion 5 Pro 16,,
"B116XTN02.3 11.6"" HD 1366×768 eDP 30 pins Matte LED LCD Screen Panel",,,,,,
"MC156CS08-1 15.6"" 1920*1080 Edp 30pins LCD Screen Replacement Display for HP ProBook 450 G5 (2ST09UT#ABA)",,,,HP ProBook 450 G5 (2ST09UT#ABA),,
"B156HAN08.0 15.6"" 1920*1080 FHD Edp 40pins 144HZ LED Display LCD Screen for MSI GS65 STEALTH THIN-051",,,,MSI GS65 STEALTH THIN-051,,
HDN7N 15.6” FHD Edp 40pins Touch Screen LED LCD Panel for Dell I3511-5829BLK-PUS,,,,Dell I3511-5829BLK-PUS,,
"LQ156M1JW02 15.6"" FHD 1920*1080 300cd IPS 1500:1 EDP 30pins Matte LCD Screen Display",,,,,,
"NE156FHM-NX1 15.6"" FHD 1920*1080 144HZ LED LCD Screen Panel for Asus GU502LU-BI7N4 New",,,,,,
"NT156WHM-N10 15.6"" HD 1366×768 Edp 30pins LCD LED Display Panel",,,,,,
"NT156WHM-N42 15.6"" 1366*768 Matte Edp 30pins LED LCD Screen Laptop Replacement Panel Display",,,,,,
"NE156QHM-NY4 15.6"" 2K QHD 2560(RGB)*1440 165HZ eDP 40Pins IPS LCD display LED Screen",,,,,,
"00NY443 B156HAN06.1 15.6"" 1920X1080 FHD Matte Lenovo LCD Screen LED Display",,,,,,
"8S5D10K81087 NT156WHM-N32 15.6"" 1366*768 Glossy EDP 30Pins Laptop LCD Screen Replacement",,,,,,
"LP156WFH-SPD3 15.6"" FHD IPS eDP 30pins (PBCA length 265mm) LCD Screen for Laptop Replacement",,,,,,
B156HAN02.1 15.6“ Slim FHD Edp 30pins LCD Screen Display for Replacement,,,,,,
"Asus ROG GU501GM-BI7N8 15.6"" FHD 30 Pin 120Hz LED Display Screen B156HAN04.5",,,,Asus ROG GU501GM-BI7N8,,
"Lenovo 81Y6000FUS Legion 5-15IMH05H 15.6"" FHD 40pins 144Hz LED Screen NV156FHM-NY4 5D10X01147",,,,Lenovo 81Y6000FUS Legion 5-15IMH05H,,
"HP 15-DY1023DX 15-DY1010NR 15.6"" HD 40pin Touch Screen LED Display N156BGN-E43 NT156WHM-T03/T02 B156XTK02.0 L63569-001",,,,HP 15-DY1023DX 15-DY1010NR,,
"NDGD4 Dell I3511-5174BLK-PUS 15.6"" B156HAK02.3 1920*1080 FHD EDP 40 PIN LCD Touch LED Display Screen",,,,Dell I3511-5174BLK-PUS,,
"FNDC6 Dell Inspiron 15 5570/5575 15.6"" FHD 40pin Touch Screen T/D Bracket LED Display B156HTK01.0",,,,Asus G513QY-212.SG15,,
"18010-15680500 Asus G513QY-212.SG15 15.6"" FHD Edp 40PINS 300HZ Q156M1JW25 LED Display Screen",,,,Asus G513QY-212.SG15,,
"5D10T05360 Lenovo LCD Touch Screen LED NT156WHM-T02 V8 15.6"" HD 40 pin Narrow No Brackets",,,,Lenovo,,
"5D11D08013 Lenovo Legion 5-15 Series 15.6"" FHD 40pin Matte 165Hz LED Screen B156HAN12.H LCD Panel",,,,Lenovo Legion 5-15 Series,,
"18010-15656300 Asus GA503RM-G15.R93060 15.6"" QHD 2560*1440 165Hz LED LCD Screen NE156QHM-NY1",,,,Asus GA503RM-G15.R93060,,
"CGDY2 Dell Alienware m15 R5/R6 AWX15R1-7958WHT-PUS Replacement Panel B156HAN12.5 15.6"" FHD 360HZ 40 Pin LED Screen",,,,Dell Alienware m15 R5/R6 AWX15R1-7958WHT-PUS,,
"S1J-6E0A062-S44 MSI GS66005 LCD LED Screen Replacement Panel 15.6"" FHD 40 pin 240Hz Matte LQ156M1JW03",,,,,,
"KL.15608.043 Acer AN515-54-599 15.6"" FHD 30 Pins No Brackets LED LCD Screen LP156WFC-SPD5",,,,,,
"5D10V07725 Lenovo 81V3 Chromebook S340-14 LCD Touch Screen 14.0"" FHD 40pin Assembly B140HAK03.4",,,,,,
"18010-14054400 Asus GA401QH-211.ZG14BL 14"" FHD LCD Panel N140HCE-EN2 for Screen Replacement",,,,,,
18010-14090000 Asus TL140BDXP01-00 GA401QM-211.ZG14B 14.0” QHD 2560×1440 120Hz 30pin LED Screen Panel,,,,,,
For Lenovo Universal Panel N140HCE-ET2-REV.C3 Innolux 14.0 FHD 30PIN LED Display Screen,,,,,,
"Asus GA401IV-BR9N6 LCD Screen 14.0"" FHD 40pins 144hz LED Display Screen No Brackets LM140LF1F01",,,,,,
5D10M42871 Lenovo 81JW0001US CHROMEBOOK S330 NT140WHM-N44 14.0 HD 30 Pin LED Screen Panel,,,,,,
"M49655-001 HP Chromebook 14A-ND Series LED Display Screen Replacement 14.0"" 1366*768 HD 30Pins",,,,,,
"LP140WFF-SPC1 14.0"" FHD 300cd/m EDP 30pins Matte LCD Screen Slim for Dell 06T3J6",,,,,,
"M21389-001 NV140FHM-N4T HP ProBook 440 G8/640 G8 14"" FHD 30 Pin LCD Display Panel",,,,,,
"M36316-001 N140NVFC R0 14"" FHD LCD Panel for HP Elitebook 840 G8 Replacement Screen",,,,,,
"522V0 Dell Latitude 7480 7490 LCD Screen 14"" 1920X1080 Matte EDP 30Pins Slim N140HCE-G52 Panel",,,,,,
N140HCA-EAC 14.0” Slim FHD PBCA bent 30pins Universal Screen for Lenovo IdeaPad/HP EliteBook,,,,,,
"R140NWF5 RA Lenovo Thinkpad T490 T495 T495S P43S T14S Replacement Panel 14.0"" FHD Narrow 300cm/d IPS eDP 40pins Matte Touch Screen",,,,,,
"YT9G7 Dell Latitude 5300 LCD Screen Panel for Replacement 13.3"" FHD LP133WF7-SPF1 Glossy",,,,,,
"LP133WF7-SPH2 LP133WF7-SPF2 Dell Latitude 5320 13.3"" FHD 400cd/m eDP 30Pins Matte Replacement LCD Screen",,,,,,
"NV133WUM-T02 V3.0 13.3"" 1920×1200 LCD Touchscreen IPS matte 60HZ eDP 40pins Replacement Panel",,,,,,
N22327-001 14 inch 1920×1200 IPS for HP Elitebook 840 G9 840 G10 Laptop LCD screen Replacement Display,,,,HP Elitebook 840 G9 840 G10,,
"5D10W46421 Lenovo ThinkBook 15 G2 (ITL)(ARE) 15.6"" FHD R156NWF7-R2 40PIN Touch LCD Screen",,,,Lenovo ThinkBook 15 G2 (ITL)(ARE),,
"LM315WR1-SSC1 31.5"" 4K 3840*2160 40Pin IPS Matte 1300:1 AIO Panel Display",,LM315WR1-SSC1,,,,
LM300WQ6-SLC1 30 Inch 2560×1600 LVDS 92Pins 350 cd/m² All in One LG Display For Dell UltraSharp U3014,,LM300WQ6-SLC1,,,,
"LM270WQ8-SSA1 27.0"" QHD 2560*1440 350cd/m² eDP 30Pins IPS Matte Display",,LM270WQ8-SSA1,,,,
"LM270WQA-SSC2 A1 27.0"" 2560*1440 QHD 400 cd/m² 60Pins IPS Matte Display All in One Screen",,LM270WQA-SSC2,,,,
"J2CT2 LM270WF7-SSD1 SSD3 SSB1 27.0"" 1920×1080 FHD 60Hz 30pin Matte Display for DELL I7700",,LM270WF7-SSD1,,,,
"LM270WF7-SSA1 27.0"" No-Touch LCD FHD LVDS 30pin IPS Matte LG Display",,LM270WF7-SSA1,,,,
"LM270WQ6-SSA1 27.0"" 2560×1440 QHD IPS Matte LVDS 92pin No-Touch Display for Dell UltraSharp 2716D AIO",,LM270WQ6-SSA1,,,,
"LTM270DL08 27.0"" 2560*1440 QHD LVDS for Dell XPS One 2710",,,,Dell 2417H,,
"0X9HYG/1MKFC/5R8TV LM238WF4-SSD1 23.8"" FHD LVDS 30pins Display for Dell 2417H",,,,Dell 2417H,,
"LTM238HL06 23.8"" FHD IPS LVDS 30Pins for Lenovo ThinkCentre M920Z (10S6)",,LTM238HL06,,,,
"MV238QUN-N20 23.8"" 3840 X 2160 4K IPS Matte eDP 30pins for HP 24W HSTND-9531-A",,MV238QUN-N20,,,,
"LM238WF2-SSM1 23.8"" FHD Non-Touch LCD Display For Lenovo A340-24IWL Lenovo 3-24ARE0 3-24ITL6 3-24ARE05",,LM238WF2-SSM1,,,,
01AG967 HP All in One PC Model 24-10015NA/DF Series Replace Display M238HCA-L3B/L5 MV238FHM-N20 LTM238HL06/02/05,,,,HPAIO PC Model 24-10015NA/DF Series,,
"M238HCA-L5Z 23.8"" FHD LVDS 30Pins Matte All in One Display for HP EliteOne 800 G6 AIO",,,,HP EliteOne 800 G6 AIO,,
FC3HY M238HAN01.0 LTM230HT05 1920*1080 FHD w/Touch Display for for Dell Inspiron 24-3455,,,,Dell Inspiron 24-3455,,
"836104-001 LM238WR2-SPA1 23.8"" UHD 3840*2160 30PIN IPS Non-Touch Display for Hp Envy 24-N",,,,Hp Envy 24-N,,
"YXN48 LM238WF2-SSK3/2/1 23.8"" FHD LVDS 30pin IPS Matte for ACER ASPIRE C24 865;Lenovo AIO520 24ICB AIO",,,,"ACER ASPIRE C24 865 ,Lenovo AIO520 24ICB AIO;",,
L17303-274 LM238WF5-SSH1 Touch Display 1920×1080 FHD Matte for HP 24-K 24-k0024,,,,HP 24-K 24-k0024,,
"0PV92P Dell OptiPlex 7450 23.8"" FHD LVDS 30pin IPS Matte Locking Connector LM238WF1-SLK1 AIO Screen",,,,Dell OptiPlex 7450,,
06N77F 075CT MV238FHM-N10 FHD LVDS 30pin IPS Matte Un-Locking Connector for Dell Inspiron 7459 AIO/Dell OptiPlex 7450,,,,Dell Inspiron 7459 AIO/Dell OptiPlex 7450/Optiplex 5480/Dell Inspiron 24 3452&3455,,
"L91416-002 LM238WF5-SSE5 23.0"" 1920×1080 FHD LVDS w/Touch IPS No Brackets for HP EliteOne 800 G5;24-DF0056 24-DP0014",,,,HP EliteOne 800 G5;24-DF0056 24-DP0014,,
"LM238WF5-SSA1 23.8"" 1920×1080 30PIN IPS AIO Panel for HP AIO Pavilion 24-QB0003IN",,,,HP AIO Pavilion 24-QB0003IN,,
01AG969 LM238WF5-SSA1 FHD LVDS 30pin IPS Matte w/Touch for Lenovo IdeaCentre 720-24IKB AIO F0CM F0CM0022AU,,,,Lenovo IdeaCentre 720-24IKB AIO F0CM F0CM0022AU,,
854572-003 LM238WF5-SSA1 FHD LVDS 30pin IPS Matte Touch for HP 24-F0000NE/24-F0014/24-F006LA AIO,,,,HP 24-F0000NE AIO; 24-F0014 AIO; 24-F006LA AIO,,
KL.23808.017 LM238WF5-SSA1 FHD LVDS 30pin IPS Matte Touch for Acer Aspire Z24-890-UR11 AIO,,,,Acer Aspire Z24-890-UR11 AIO,,
"1MD2V JPTK1 7NTHJ LM238WF5-SSA1 23.8"" FHD LVDS 30pin IPS Matte Touch for Dell Inspiron 24 (5477)/I5477-7491SLV AIO",,,,Dell Inspiron 24 (5477)/I5477-7491SLV AIO,,
18100-23800000 LM238WF5-SSA1 FHD LVDS 30pin IPS Matte Touch for Asus Vivo V241ICGT-BA011T AIO/V241ICUT-05 /06 AIO /ZEN ZN242GDT,,,,,,
"DMFY0 0DMFY0 Dell Latitude 3300/3310 Replacement LCD Screen Panel 13.3"" HD NT133WHM-N46",,,,Dell Latitude 3300/3310,,
18010-11601300 Asus 11.6 HD 30 PIN LED LCD Display Non-touch Screen 18010-11621100/18010-11622300/18010-11630500,,,,,,
01AG978/01AG977 LM238WF5-SSA3/LM238WF5-SSA2 Touch Display for Lenovo ThinkCentre M920Z (10S6) Touch 2.0 AIO,,,,,,
01AG986/5M10U49651 Lenovo Ideacentre A540-24ICB All-in-one (F0EL) LM238WF5-SSE1 FHD Touch IPS,,,,,,
L17303-272/L17303-273 HP Pavilion 24-QB0003IN AIO Touch Display LM238WF5-SSD1/LM238WF5-SSF1,,,,,,
LM230WF5-TLF1 23“ 1920(RGB)*1080 LVDS 30Pins Matte AIO Replacement Screen,,,,,,
"LTM230HL08 23.0"" FHD 1920×1080 30PIN IPS For HP Pavilion All-in-One 23-Q Series",,,,,,
"01AG974 01AG963 LM230WF7-SSB2/SSC2 23.0"" FHD For Lenovo Ideacentre 510S-23ISU AIO Screen w/ Touch",,,,,,
L42416-008 M215HCA-L3B 1920*1080 Non-touch Slim for Lenovo A4520 A815,,,,,,
M215HAN01.1 FHD LVDS 30pin IPS Matte Touch for HP 22-B058/68/78/62/72/720DS AIO/HP 22-c l42416-007,,,,,,
XPKGK MV215FHM-N30 FHD IPS Matte Touch For Lenovo 520-22IK/Dell Inspiron 3275,,,,,,
01AG932 01EF442 01AG959 01AG920 MV215FHM-N40 FHD No-Touch Display for Lenovo ThinkCentre M820z AIO,,,,,,
"01AG987 LM215WFA-SSE1 for Lenovo IdeaCentre 21.5"" FHD Touch LCD Screen",,,,,,
804208-002 M200FGE-L20 20.0” 1600(RGB)×900 LVDS 30pin Display for Dell Optiplex 3011 LCD Screen,,,,,,
"8SSD18C5221 10.1"" LCD TOUCH Panel TV101WUM-NL6 for Lenovo Duet Chromebook ZA6F0016US/DUET CT-X636F ZA6F",,,,,,
"5D11F36012 11.0"" NV110C9M-L60 V5.0 for Lenovo Duet 3 Chromebook 82T6000EUS",,,,,,
"SD11C95581 5D11C95582 13.3"" 1920X1080 FHD Display Screen ATNA33XC20-0 For Lenovo Duet 5 Chromebook 82QS001HUS",,,,,,100
"B156XTK02.0 B156XTK02.1 15.6"" 1366(RGB)×768 eDP 40 pins Glossy On-Cell Touch Screen Display",,,,,,
"B140XTK02.1/B140XTK02.2/B140XTK02.3 14.0"" 1366(RGB)×768 eDP 40 pins Matte On-Cell Touch Screen Display",,,,,,
"B116XTK01.0 11.6"" HD 1366×768 eDP 40 Pins Laptop LCD Touch Screen Panel",,,,,,
Lenovo ThinkPad T550/T560/P50/P50S OEM LCD Screen NV156FHM-N42 00HT919 00HT920 00HT921,,,,Lenovo ThinkPad T550/T560/P50/P50S,,
"ATNA60YV02 16.0"" 3840*2400 100% DCI-P3 Non-touch Diplay Screen Replacement for ASUS ProArt StudioBook Pro 16 W7600",,,,ASUS ProArt StudioBook Pro 16 W7600,,135
"ATNA60XB01 16.0"" 3840*2400 4K Non-touch Diplay Replacement OLED Screen",,,,,,140
"ATNA56YX02-0 15.6"" 1920*1080 FHD Slim eDP 30pin IPS Non-touch OLED Display for Samsung Galaxy Book Pro 15 NP950XDB",,,,Samsung Galaxy Book Pro 15 NP950XDB,,160
"ATNA40YK07-0 OLED 14.0"" 90HZ 2880*1800 Glossy Non-Touch Display for Asus 14 UM3402YA Q409ZA-EVO.I5256BL",,,,ASUS 14 UM3402YA Q409ZA-EVO.I5256BL,,138
"ATNA40YK04-0 ATNA40YK09-0 Samsung LCD Screen OLED 14.0"" 2880*1800 eDP 40pins IPS Glossy for ASUS M3400 K3402 K3405 K6400",,,,ASUS M3400 K3402 K3405 K6400,,130
"ATNA33XC10-0 13.3"" FHD 1920*1080 OLED Glossy for Samsung Galaxy Book2 Pro 13 NP930XED",,,,Samsung Galaxy Book2 Pro 13 NP930XED,,60
"ATNA33AA01 ATNA33AA03-0 OLED Touch Screen Display+Bezel for HP ENVY x360 13-BF 13T-BF 13.3"" 2880*1800 2.8K eDP 40Pins Display",,,,HP ENVY x360 13-BF 13T-BF,,90
"ATNA60YV04 ATNA60YV06 OLED Display 16.0"" 3840×2400 Non-touch 60Hz Replacement Screen",,,,,,140
"ATNA56YX03-0 18200-15601500 Samsung OLED 15.6"" 1920*1080 FHD Slim eDP 30pin IPS Glossy for Asus Vivobook K513EQ-PB79 PRO M3500 M6500QB",,,,Asus Vivobook K513EQ-PB79 PRO M3500 M6500QB,,117
"ATNA45AF01-0 OLED Screen for Asus ZenBook Pro 14 Duo OLED UX8402ZE 14.5"" QHD 2880×1800 EDP 40pins 120Hz Replacement Panel",,,,Asus ZenBook Pro 14 Duo OLED UX8402ZE,,103
"ATNA40YK04-0 ATNA40YK09-0 ASUS M3400 K3402 K3405 K6400 Samsung OLED Screen 14.0"" 2880*1800 eDP 40pins IPS Glossy Display",,,,ASUS M3400 K3402 K3405 K6400,,138
"ATNA33XC11-0 ATNA33XCTP11 13.3"" FHD 1920*1080 Slim eDP 30pin IPS Glossy for Asus UX325E/ZenBook 13 OLED UM325",,,,Asus UX325E/ZenBook 13 OLED UM325,,60
"5D10S75184 5D10T44445 Lenovo Chromebook 14 14e (Touch) 14"" FHD 40Pins R140NWF5-RC LCD Touch Panel (OEM PULL)",,,,Lenovo Chromebook 14 14e (Touch),,
"5D10W87246 Lenovo ThinkBook 14 G2 are 20VF (Gen 2) 14"" FHD IPS Non-touch LCD Display Screen Replacement",,,,Lenovo ThinkBook 14 G2 are 20VF (Gen 2),,
"28H80 Replacement LCD Screen for Dell OEM Inspiron 15 5565/5567 15.6"" FHD 30 Pins Slim Panel",,,,Dell OEM Inspiron 15 5565 / 5567,,
"5NW15 for Dell 9420 2-in-1 14.0"" 2K QHD 2560×1600 Non-touch Screen Displays B140QAN03.0",,,,Dell 9420 2-in-1,,
"2GMF6 for Dell Mobile P 3560 15.6"" 1920*1080 Non-Touch Display 30 Pins IPS Matte NV156FHM-N4V",,,,Dell Mobile P 3560,,
"D2TNH 6GHX8 Dell Latitude 3310 3330 Touch LCD Screen 13.3"" FHD 1920 X 1080 40 PIN B133HAK02.0",,,,Dell Latitude 3310 3330,,
"Asus Chromebook C300SA 13.3"" HD 1366X768 30PIN LCD Panel (T&B BRACKETS) HB133WX1-402 01AV671 01AW149 01AW150 18010-13360300",,,,Asus Chromebook C300SA,,
"KL.1160E.016 11.6"" 1366X768 WXGA GLOSSY 40 Pins Bracket L/R LCD Touchscreen for Acer Chromebook C736 C736T",,,,Acer Chromebook C736 C736T,,
L46553-001 B140XTK01.2 Touch HD Slim eDP 40pin for HP Chromebook 14A G5/14-DB0025NR/14-DB0060NR,,,,HP Chromebook 14A G5/HP Chromebook 14-DB0025NR/14-DB0060NR,,
"M52489-001 14"" FHD Non-Touch 30Pins 1000 NITS LCD Panel for HP EB 845 G8 Series",,,,HP EB 845 G8 Series,,
"M83414-001 LM340RW2-SSA1 34.0"" All in One LCD Screen 5K for HP Envy 34-C0054 AIO",,,,HP Envy 34-C0054 AIO,,
Dell Latitude 3140 2-in-1 LCD Panel Replacement Display 8N9KV,,,,Dell Latitude 3140 2-in-1,,
3NM8D 21P46 Dell Latitude 3120 2-in-1 Touch Screen Panel with Frame and Boards Assembly,,,,Dell Latitude 3120 2-in-1,,
"78FKJ Dell Latitude 14 3410 14.0"" 1366*768 NT140WHM-N46 HD Display LED Screen",,,,Dell Latitude 14 3410,,
"P129G Dell Latitude 14 3410 14.0"" 1920×1080 LCD LED Display Screen(Non-Touch)",,,,Dell Latitude 14 3410,,
"FT03F LED LCD Screen 13.3"" HD 30pins N133BGE-E31 for Dell Latitude 13 3380",,,,Dell Latitude 13 3380,,
LCD Touch Panel for Dell Latitude 14 3440 14.0“ 1336*768 40pins Screen RGV87,,,,Dell Latitude 14 3440,,
"ATNA56YX03-0 Samsung OLED  15.6"" 1920*1080 30pins Glossy for Asus Vivobook K513EQ-PB79 18200-15601500",,,,Asus Vivobook K513EQ-PB79,,117
"ATNA40YK09-0 Samsung OLED Screen13.3"" 2880*1800 400cd/m² eDP 40pins IPS Glossy for ASUS M3400 K3402 K3405 K6400",,,,ASUS M3400 K3402 K3405 K6400,,118
KL.1160E.010/KL.1160E.005 LCD Touch Screen for Acer Chromebook C732T C733T/HP Chromebook 11 11A G6 G7 G8 G9 EE Touch,,,,Acer Chromebook C732T C733T,,
"J4MTV 2C7YD Dell Latitude 3310 2-in-1 13.3"" Replacement LCD screen Matte N133BGA-EAB B133XTN01.6",,,,Dell Latitude 3310 2-in-1,,
"Dell Latitude 3190 2-in-1 LCD Replacement Panel Screen 11.6"" HD NV116WHM-A23",,,,Dell Latitude 3190 2-in-1,,
"025T0 LCD Screen Panel 14.0"" NT140WHM-N45 HD for Dell Latitude 5400 Display Replacement",,,,Dell Latitude 5400,,
"M195FGE-L20 AIO LCD Screen 19.5"" 1600×900 30PIN Matte Touch For Acer Aspire Z1-611",,,,,,
"01AG972 5M10U49675 LM270WQ4-SSB3 27.0"" 2560*1440 92pin For Lenovo A540-27ICB F0EK000HUS A540-27ICB",,,,,,
"LTM200KT08 AIO LCD Screen 20.0"" 1600*900 30pin Samsung S20A300B For Lenovo AIO B320 C320 B325 C340",,,,,,
"01AG972 LM270WQ4 SSB3 AIO 27"" QHD Display For Lenovo Idea Centre 520-27",,,,,,
MV238QHM-N10 23.8 inches 2560X1440 BOE Display Panel For Lenovo P24-10h AIO Replacement,,,,,,
01MN288 01MN289 02CW108 LM215WF3-SLS1 21.5 FHD For Lenovo M810z All-In-One,,,,,,
21.5inch AIO LCD Screen MV215FHM-N72 MV215FHM-N71 BOE FHD Non-Touch,,,,,,
"LM215WF9-SSA2 LCD Screen 21.5"" FHD IPS Matte 60Hz No-Touch For HP 22-C0073W AIO",,,,,,
"LM215WF9-SSA1 AIO LCD Screen 21.5"" FHD LVDS 30PIN IPS For Lenovo 520-22IKL 510-22ISH 510-22ASR S4150",,,,,,
"510-22ASR 510-22ISH 01AG960 LM215WFA-SSA1 AIO LCD Screen 21.5"" FHD LVDS 30pin IPS For Lenovo Idea Centre",,,,,,
"L42697-ND2 LCD Panel Screen R133NVFC-R7 13.3"" FHD For HP Elitebook 735 G6 830 G6",,,,,,
M73491-N61 IVO R160NW41-R0 Laptop LED Screen for HP Replacement Screen,,,,,,
L04919-N31 Laptop LED Screen Panel M133NVF3-R1 For HP EliteBook X360 1030 G2 G3,,,,,,
M133NVF3-R0 918023-N32 FHD EDP 40 Pin LED LCD Screen IPS 120Hz For HP Envy X360 13-Ag,,,,,,
"L62080-ND1 13.3""FHD LED Panel M133NVFC-R6 For HP Elite LCD Touch Scren Display",,,,,,
L49569-110 LCD Panel Screen IVO M130NV42-R1 Replacement Display for HP Elite X2 G4,,,,,,
L42696-ND2 M133NVFC R5 for HP 835 G6 40 Pin LED Screen Panel Display Laptop LCD Replacement,,,,,,
L29439-N31 IVO M133NVF3-R2 Laptop LED Screen Display for HP ENVY X360 13 AR,,,,,,
"L42695-ND1 14.0"" 1920*1080 M140NVFA-R2 Laptop LED Screen for HP EliteBook X360 1040 G5",,,,,,
"L15887-N91 M140NVF7-R2 14.0"" FHD Laptop LED Screen Replacement for Hp X360 1040 G5",,,,,,
"M140NVF7 R0 14.0"" 1920*1080 IPS Slim FHD 120hz Laptop LED Screen For HP EliteBook G4 Display Panel",,,,,,
"14"" HD LCD Touch Digitizer Chromebook Laptop LED Screen NT140WHM-T00 V8.2",,,,,,
M21392-001 B140XTN07.5 14.0 HD Laptop LCD Screen For HP Display Replacement,,,,,,
"Laptop Screen Replacement Display B173ZAN01.0 17.3"" 3840X2160 UHD EDP 40PIN For Dell Precision 7720",,,,,,
"B173ZAN06.1 B173ZAN06.9 B173ZAN06.8 17.3"" 4K UHD 120Hz Gaming Screen for Laptop LCD Replacement",,,,,,
"L31997-001 M156NVF4 R0 Laptop LED Screen Non-Touch 15.6"" FHD 1920×1080 120Hz 40 Pin Display",,,,,,
"M08134-ND1 IVO X156NVF8 R1 15.6"" 30 Pin Laptop Screen Display for HP Elitebook 850 G7 G8",,,,,,
"B156HTN03.8 Laptop 15.6"" LCD Screen PANEL 1920*1080 FHD MATTE 30 PIN IPS Display",,,,,,
NV156FHM-NY8 V8.2 15.6 Laptop LED Screen Panel For Lenovo P/N 5D11J12408,,,,,,
SD10W01584 NV156FHM-N48 V8.3 LENOVO LCD Screen Panel 15.6 FHD Y540-15IRH-PG0 81SY,,,,,,
CGDY2 15.6 FHD 360HZ 40 Pin Laptop LED Screen Display For Dell Gaming Laptop LCD Replacement,,,,,,
5D11B39776 B140HAK03.2 N140HCN-EA1 14 FHD 40 Pin Narrow LCD Screen Display Panel,,,,,,70
5D10Z90321 Lenovo Chromebook 100E Gen3 AMD LCD Screen Replacement N116BGE-EA2,,,,,,
"Dell Latitude 3190 2-in-1 11.6"" LCD Touchscreen Assembly KYV20 0K7CX",,,,Dell Latitude 3190 2-in-1,,
"5M11H62178 5M11H62176 Lenovo Yoga L13 Gen 4 13.3"" FHD LCD Touch Screen Assembly w/Frame Board",,,,Lenovo Yoga L13 Gen 4,,
"5M11F25315 Lenovo L13 Yoga Gen 3 21B5 21B6 13.3"" FHD Touch Screen Assembly w/Frame Board",,,,Lenovo L13 Yoga Gen 3 21B5 21B6,,
"Asus Chromebook CX3401 CX3401F Flip 14.0"" 1920*1200 Complete LCD Touch Screen Assembly",,,,Asus Chromebook CX3401 CX3401F Flip,,
01AG979 23.8” Original Monitor In-cell Touch LM238WF5-SSAP All in one Display For Lenovo Ideacentre AIO 730S-24,,01AG979,,,,
5D10S39678 5D10S39679 Lenovo ideapad Yoga Slim 9-14ITL05 Type 82D1 Screen 14UHD 2DYL 14FHD 2DYL LCD Full Assembly,,5D10S39678 5D10S39679,,,,
"5D10S39759 Lenovo Yoga 9-14IAP7 14"" FHD LCD Touch Screen Display Digitizer Assembly",,5D10S39759,,,,
5D10S39711 Lenovo ThinkBook Plus 2nd Gen Whole Top Panel,,5D10S39711,,,,
01MN902 LCD Screen Display for Lenovo Thinksmart Hub 500 Hub500 10V51 0V6,,01MN902,,,,
5D10S39842 Lenovo LCD Module L82T1 4K Whole Top Assembly,,5D10S39842,,,,
5D10S39727 SD11B36614 Lenovo Yoga Slim7 Carbon 14ACN06 OLED Touch Screen Panel 40Pin ATNA40YK01-1,,5D10S39727 SD11B36614,,,,
5M11E71598 New LCD Touch Screen w/Bezel for Lenovo ThinkPad P15 Gen 1,,5M11E71598,,,,
YPG7G Dell Latitude 3120 2 in 1 LCD Touchscreen WXGA Panel W/Bezel Board Assembly,,,,Dell Latitude 3120 2 in 1,,
Microsoft Surface Pro 8 1983 13 inch 2880×1920 LCD Display Touch Screen Digitizer Assembly,,,,Microsoft Surface Pro 8 1983,,
"BA96-07229A Samsung XE521QAB LCD Touch Screen Assembly Complete For Chromebook 12"" FHD KD122N04-30TH-B010",,BA96-07229A,,,,
BA96-07763B Samsung Assembly LCD INS-BLACK-SVC APOLLON2-13 TGL F LCD Panel for NP730QDAKA1US,,BA96-07763B,,,,
BA96-08341A Samsung SUBINS-TOP MARS2-13 ADL Silver LCD Assembly for NP930QEDKC1US,,BA96-08341A,,,,
BA96-08532A LCD Assembly LCD Subins Vesta3-15 RPL FHD_T INT LCD Panel for NP750QFGK,,BA96-08532A,,,,
BA96-07668B Samsung 15.6 FHD Mystic Navy Touch Screen Assembly NP950QDB-KB3US,,BA96-07668B,,,,
"BA96-07415A Samsung Galaxy Book lon NP950XCJ Led Lcd Screen Assembly 15.6"" FHD",,BA96-07415A,,,,
"BA96-07387A Samsung LCD Assembly 15.6"" Royal Blue NP950QCG-K01US NP950QCG-K01US",,BA96-07387A,,,,
BA96-08319A LCD Assembly Subins Dark Grey (Mars2-15) for Samsung Laptop,,BA96-08319A,,,,
BA96-08470A LCD Assembly Subins Grey(Mars3-16) Topmars3-16 for Samsung NP960QFGKA1US Laptop,,BA96-08470A,,,,
BA96-07814A LCD Assembly Subins Grey Top(SpaceX13) For Samsung NP767XCM Laptop,,BA96-07814A,,,,
BA96-08322B Samsung LCD Assembly SUBINS-TOP SVC METIS XE520QEAKB1US ,,BA96-08322B,,,,
BA96-08462A Sumsang LCD Assembly SUBINS-TOP VENUS3-16 EXT WQXGA for NP960XFHX,,BA96-08462A,,,,
"BA83-03824A SAMSUNG NP750 15.6"" Laptop FHD LCD Screen Digitizer Assembly",,BA83-03824A,,,,
BA96-07667B Samsung LCD Assembly 13.3 Inch FHD For NP930QDB-KE1US Notebook 9 PRO,,BA96-07667B,,,,
"BA96-08326C Samsung 13.3"" Oled LCD Assembly for Graphite NP730QED-KA1US Silver",,BA96-08326C,,,,
2Y80X Dell latitude 3330 2 in 1 LCD Screen Assembly Complete Hinge Up Silver,,,,Dell latitude 3330 2 in 1,,
BA96-08319B Samsung Galaxy Book2 Pro 360 (NP950QED) LCD Complete Module Display Silver,,,,Samsung Galaxy Book2 Pro 360 (NP950QED),,
FHMWH Dell Chromebook 3100 2-IN-1 LCD Touch Screen Assembly,,,,Dell Chromebook 3100 2-IN-1,,
HTX19 Dell Chromebook 11 3110 2-in-1 Touchscreen LCD Assembly w/Frame Board(40pins),,,,Dell Chromebook 11 3110 2-in-1,,
1R4F6 Dell Latitude 3140 2-in-1 LCD Panel 11.6“ 1366*768 HD NT116WHM-N21,,,,Dell Latitude 3140 2-in-1,,
"806R4 11.6"" Lcd Touch Screen w/ Bezel Assembly for Dell Latitude 3140 2-in-1",,,,Dell Latitude 3140 2-in-1,,
"1H0JY/4FHP9/NVJ3P 13.3"" LCD Touch Digitzer Assembly for Dell Latitude 3390 2-in-1 No Back Camera Cable",,,,Dell Latitude 3390 2-in-1,,
"5D10Y67266/5D10T79505 Lenovo Chromebook 300E Gen2 11.6"" LCD Touch Assembly w/Frame Digitizer G-Sensor Board",,,,Lenovo Chromebook 300E Gen2,,
90NX02G1-R20010 Asus 14 C433TA Chromebook LCD Touchscreen Digitizer Module,,,,Asus 14 C433TA Chromebook,,
"6M.H99N7.001 Acer Chromebook Spin 512 R851TN US (Touch) 12.0"" 1366*912 LCD Assembly W/Frame Board EMR",,,,Acer Chromebook Spin 512 R851TN US (Touch),,
"Microsoft Surface Book 2 1806 1832 13.5"" LCD Display Touch Screen Digitizer Assembly",,,,Microsoft Surface Book 2 1806 1832,,
"Microsoft Surface Book 1 1703 1704 1705 1706 LCD Display 13.5"" Touch Screen Digitizer Assembly",,,,Microsoft Surface Book 1 1703 1704 1705 1706,,
"12.4"" Microsoft Surface GO 1943 LCD Display Touch Screen Digitizer Assembly",,,,"12.4"" Microsoft Surface GO 1943",,
"Microsoft Surface Pro X 1876 13"" 2880×1920 LCD Display Touch Screen Digitizer Assembly",,,,Microsoft Surface Pro X 1876,,
Microsoft Surface Pro 7+ 1960 12.3“ 2736*1824 LCD Screen Digitizer Assembly,,,,Microsoft Surface Pro 7+ 1960,,
Microsoft Surface Pro 7 1866 12.3“ 2736×1824 LCD Screen Digitizer Assembly w/Front Glass&Flex Cable,,,,Microsoft Surface Pro 7 1866,,
Microsoft Surface Pro 5/6 1796 12.3“ 2736*1824 LP123WQ1 Screen Touch Assembly,,,,Microsoft Surface Pro 5/6 1796,,
Microsoft Surface Pro 4 1724 12.3“ 2736*1824 LCD LED Display Touch Screen Glass Sensor Digitizer Assembly,,,,Microsoft Surface Pro 4 1724,,
"Microsoft Surface Pro 3 1631 12.0"" 2160(RGB)×1440 LCD Touch Screen Digitizer Assembly LTL120QL01 TOM12H20",,,,Microsoft Surface Pro 3 1631,,
Microsoft Surface RT 3 1645 1657 10.8” 1920×1280 LED LCD Display Touch Screen Digitizer Assembly,,,,Microsoft Surface RT 3 1645 1657,,
17M7M Dell Chromebook 11 3110 2-in-1 LCD Touchscreen Assembly w/Frame Board(30pins),,,,Dell Chromebook 11 3110 2-in-1,,
"5D11C95914 Lenovo Chromebook 500E G4 YOGA (TOUCH) 12.2"" FHD 1920*1200 LCD Touch Screen w/Bezel Assembly",,,,Lenovo Chromebook 500E G4 YOGA,,
"RN9GF LCD Touchscreen Assembly for Dell Latitude 3310 2-in-1 13.3"" FHD LED Screen Module",,,,,,
6M.H90N7.002/KL.1160D.022 Acer Chromebook Spin 511 (R752T-C3M5-US) LCD Touch Screen Assembly,,,,Acer Chromebook Spin 511 R752T,,
"6M.H92N7.001 Acer Chromebook Spin 511 R752TN-C2J5 LCD Touchscreen Assembly 11.6"" B116XAB01.4",,,,Acer Chromebook Spin 511 R752TN,,
6M.H0BN7.002 LCD Touch Assembly Digitizer Module for Acer Chromebook 10 Tab 10(Touch),,,,Acer Chromebook 10 Tab 10(Touch),,
"14.0"" FHD Asus Vivobook Go Flip TP1400K TP1400KA LCD Touch Screen Display Assembly",,,,Asus Vivobook Go Flip TP1400K TP1400KA,,
"5M11F25316 5M11F25317 Lenovo L13 Yoga Gen 3 21B5 13.3"" FHD Touch Screen Assembly w/ Frame Board",,,,Lenovo L13 Yoga Gen 3 21B5,,
5M10W64511 FHD LCD Screen Assembly w/Frame Board for Lenovo Chromebook 10E Tablet (82AM0002US),,,,Lenovo Chromebook 10E Tablet (82AM0002US),,
5D11C95886/5D11M35206 Lenovo Chromebook 500E G3(82JB) HD LCD Assembly w/Frame Board G-Sensor,,,,Lenovo Chromebook 500E G3(82JB),,
"01LW704 Lenovo Yoga 11E 5G (20LM) (20LM000XUS) 11.6"" HD Windows LCD Screen Assembly w/Frame Board",,,,Lenovo Yoga 11E 5G (20LM) (20LM000XUS),,
"5M11E18561 Lenovo Thinkpad L13 (20R5)/ L13 (20VK) 13.3"" FHD 1920×1080 LCD Touch Screen Assembly",,,,Lenovo Thinkpad L13 (20R5)/ L13 (20VK),,
"Lenovo 300e Chromebook 2nd Gen 11.6"" HD LCD Screen w/Digitizer&Bezel Asseembly No EMR 5D11E72134",,,,Lenovo 300e Chromebook 2nd Gen,,
Lenovo 500e Chromebook 2nd Gen LCD Screen w/ Digitizer & Bezel Asseembly No EMR 5D10T79593 5D10T34443,,,,Lenovo 500e Chromebook 2nd Gen,,
"Lenovo Chromebook 11 N23 Yoga 11.6"" 1366X768 LCD Touchscreen Digitizer Display Assembly 5D68C07628 5D68C09575",,,,Lenovo Chromebook 11 N23 Yoga,,
Lenovo Thinkpad X1 L13 YOGA Gen 2 20VL LCD Display TouchScreen Digitizer Assembly 5M10W64463,,,,Lenovo Thinkpad X1 L13 YOGA Gen 2 20VL,,
"5D11C95908 Lenovo 300E Yoga Chromebook Gen 4 11.6"" HD  Lcd Touch Screen Bezel",,,,Lenovo 300E Yoga Chromebook Gen 4,,
5D10T45069 5D10S3968 Lenovo Winbook 300E 2nd Gen 2 81M9 82GK LCD Assembly w/Frame Board G-Sensor,,,,Lenovo Winbook 300E 2nd Gen 2,,
"New HP Pro x360 Fortis 11 G10 11.6"" HD 1366*768 Touchscreen Display Assembly with Slim Display (Touch) N00430-001",,,,HP Pro x360 Fortis 11 G10 Laptop,,
HP Pavilion x360 Convertible 14-dh0115TU TPN-W139 LCD screen Assembly w/Frame Board,,,,HP Pavilion x360 Convertible 14-dh0115TU TPN-W139,,
"6M.VFZN7.001 Acer Travelmate Spin B1 B118-R LCD Touch Screen Glossy Assembly 11.6"" 1366*768 B116XAB01.0",,,,Acer Travelmate Spin B1 B118-R,,
"6M.A91N7.001 Acer Chromebook Spin R853TA 12"" HD 1366×912 Glossy LCD Screen Assembly w/Bezel With G-Sensor(55.A91N7.002)",,,,Acer Chromebook Spin R853TA,,
"Acer Chromebook R 13 CB5-312T LCD Touch Panel 13.3"" FHD Matte w/ Bezel Assembly 6M.GHPN7.001 6M.GHPN7.002",,,,Acer Chromebook R 13 CB5-312T,,
"Acer Chromebook Spin 13 CP713 Series LCD LED Touch Panel w/ Bezel 13.5"" QHD 3840*2160 40Pins 6M.H0RN7.001 6M.H0RN7.002",,,,Acer Chromebook Spin 13 CP713 Series,,
"Acer Chromebook 11 Spin 311 R721T (Touch) 11.6"" HD B116XAB01.4 LCD Touchscreen Assembly w/Bezel 6M.HBRN7.002/6M.HBRN7.003",,,,Acer Chromebook 11 Spin 311 R721T (Touch),,
"6M.HX4N7.001 LED Touch Screen w/Bezel Assembly for ACER Chromebook 514 CP514 14""  B140HAN04.0 FHD",,,,ACER Chromebook 514 CP514,,
"L28256-001 HP Probook x360 440 G1 LCD Touch Display Assembly 14"" FHD LP140WF8-SPR1",,,,HP Probook x360 440 G1,,
P161G Dell Inspiron 14 7420 2-in-1 LCD Display Touch Screen Digitizer Assembly (No Bezel),,,,,,
3NM8D 21P46 Dell Latitude 3120 2-in-1 Touch Screen Panel with Frame and Boards Assembly,,,,Dell Latitude 3120 2-in-1,,
"LCD Screen Display Complete Assembly for Dell OEM Latitude 3440 14"" Touchscreen YRHM8",,,,DELL Latitude 14 3440 E3440,,
Dell Chromebook 3100 2 in 1 LCD Panel Touch Screen Assembly with Bezel Module TM6C0,,,,Dell Chromebook 3100 2-in-1,,
Dell Latitude 3390 2-in -1 LCD Back Cover Lid 3XWRX,,,,Dell Latitude 3390 2-in-1,,
NVJ3P Dell Latitude 3390 2-in-1 LCD Screen with Touchscreen Digitizer and Bezel B133HAB01.0,,,,Dell Latitude 3390 2-in-1,,
90NX01P1-R31UI0 Laptop Palmrest with Keyboard for Asus Chromebook 14 C403NA,,,,Asus Chromebook 14 C403NA,,
"6M.A8ZN7.001 Acer Chromebook Spin 511 R753T 11.6"" LCD screen Assembly w/Frame Board",,,,Acer Chromebook Spin 511 R753T,,
DD9NC HH8T4 Dell Latitude 3190 2-in-1 LCD Screen Assembly 11.6” HD NV116WHM-A23,,,,Dell Latitude 3190 2-in-1,,
"Dell Latitude 3190 2-in-1 11.6"" LCD Screen Assembly w/Frame Board 9KNWN V4VFK",,,,Dell Latitude 3190 2-in-1,,
"TJ829 KY8GR LCD Screen Assembly w/Bezel for Dell Latitude 3120 Panel 11.6"" N116BCA-EA1",,,,Dell Latitude 3120,,
"6NKDX Laptop Touch Screen+13.3"" 40 Pins LCD Display Assembly for Dell Latitude 3390",,,,Dell Latitude 3390,,
Dell Latitude 3180 3189 DC Jack Power Cable XNJ46,,,,For Dell Latitude 3180 3189,,
"5D10T95195 11.6"" Lenovo Touch Screen Replacement For 300e Chromebook 2nd Gen MTK",,,,Lenovo Chromebook 300E Gen2 MTK,,
5D10T79505 Lenovo Chromebook 300E 81MB 2nd Gen LCD Touch Screen Digitizer Assembly (6pin G-Sensor),,,,Lenovo Chromebook 300E 81MB 2nd Gen,,
5D11D01448 Lenovo 300e Chromebook 2nd Gen Touch Screen LCD Assembly With Frame Board  (8-pin G-Sensor),,,,Lenovo Chromebook 300E 81MB 2nd Gen,,
KYV20 9HNJ4 for Dell Latitude 11 (3190) 3189 2-in-1 11.6 Inch HD LCD LED Screen Assembly with Frame Board&G-Sensor,,,,For Dell Latitude 11(3190)3189 2-in-1,,
TG1WM Dell Latitude 3310 2-in-1 LCD Panel Assembly w/Frame Board G-Sensor,,,,,,
"Microsoft Surface Book 3 1900 1908 13.5"" 1900×1909 LCD Screen Display Replacement",,,,,,
"Microsoft Surface GO 1 1824 10"" LQ100P1JX51 2256×1504 LCD Screen Touch Assembly Replacement",,,,,,
"13.5"" LCD Screen Panel Replacemen For Microsoft Surface 1 2 1769",,,,,,
Microsoft Surface Go 1926 1901 1927 LCD Replacement LCD Screen Assembly,,,,,,
"13.5"" 2256*1504 Microsoft Surface LCD Replacement For Laptop 3 1867 1868 1873",,,,,,
LP150QD1-SPA1 Microsoft Surface Book 2 1793 LCD Digitizer Replacement 3240×2160,,,,,,
"LCD LED Screen Replacement Display For Microsoft Surface 3 15"" 1872 1873",,,,,,
LSN133DL04-A05 Apple Retina MacBook Pro A1706 13.3 Inch Lcd Panel 1920×1080,,,,,,
"661-15389 Apple LCD Display Space Grey For MacBook Air 13"" 2020 Scissors A2179",,,,,,
661-02990 IMAC A1418 4096×2304 4K LCD Screen Replacement LM215UH1 SDB1 LCD+Glass Late 2015 EMC3069,,,,,,
"661-5737 661-60699 Apple MacBook Air A1370 2010 2011 2012 11"" LCD Screen Display Assembly",,,,,,
"661-7468 661-02345 11.6"" For Apple MacBook Air 11"" A1465 LCD Screen Replacement",,,,,,
"LM270QQ1 SD D1 Imac LCD Screen Assembly For Apple IMac Pro 27"" A1862 2017",,,,,,
"661-10037 Macbook LCD Screen Replacement MacBook Pro 13"" A1989 A2159 2018 C02X40ROJHCC",,,,,,
"661-03255 LCD Screen Assembly For Apple IMac 27"" A1419 LCD 2015 LM270QQ1SDB1",,,,,,
Apple Macbook Pro A1990 A1707 Glass LCD Screen LP154WT5-SJA1 LP154WT5,,,,,,
"661-10357 LCD Screen Replacement For Macbook Air 13.3"" A2681 M2 2022 EMC4074",,,,,,
"661-14200 LCD Assembly Silver For MacBook Pro Retina 16"" A2141 2019 EMC3347",,,,,,
"661-8310 Macbook LCD Screen Replacement For Apple Pro Retina 15"" A1398 Late 2013-2014",,,,,,
"15"" UHD Lenovo Yoga 710-15IKB 80V5 LCD Touch Screen Assembly 5D10L13036",,,,,,120
5M11C85596 5M11C85595 Lenovo 300W Gen3 500W Gen 3 chromebook LCD Replacement Assembly,,,,,,38
"B116XAK01.2 11.6"" HD LCD Touch Screen for Acer Chromebook C731T",,,,,,
"6M.H92N7.001 LCD Screen Replacement for Acer Chromebook Spin 511 R752TN-C2J5 11.6"" B116XAB01.4 No EMR ",,,,,,
"6M.HX4N7.001 B140HAN04.0 14.0"" FHD LCD Complete Assembly For ACER Chromebook 514 CP514-1H-R4HQ-US",,,,,,
6M.A8ZN7.006 11.6 Inch LCD Screen Replacement For Acer Chromebook Spin 511 R753T,,,,,,
B133HAK02.4 13.3 ” FHD Incell-Touch Screen Replacement Display For HP Elitebook 830 G7,,,,,,
L92337-001 L92338-001 LCD Touch Screen W Bezel for HP Chromebook X360 11 G3 EE,,,,,,
X140NVFC R0 IVO8C78 FHD LCD Screen For HP ELitebook 840 G7 HP P/N L92716-ND1,,,,,,
"L42694-ND1 HP Elitebook 840 G6 R140NVFA R1 14.0"" FHD 40 Pins LCD Screen Replacement",,,,,,
L92337-001 L92338-001 HP LCD Screen Replacement For Chromebook X360 11 G3 EE W/ Bezel,,,,,,
"912370-003 11.6"" For HP Chromebook 11 G5 Laptop LCD Replacement B116XAK01.4 B116XAK01.2",,,,,,
"NV116WHM-T04 11.6"" HP LCD Screen Replacement For ChromeBook 11 G8 EE",,,,,,
L53205-001 L53206-001 HP Chromebook X360 11 G2 EE NV116WHM-T10 LCD Screen Assembly W/Frame Board,,,,,,
"928588-001 HP Chromebook X360 11-AE Series G1 EE 11.6"" LCD Panel Screen Replacement",,,,,,
5D11E72134 LCD Touch Screen LCD Assembly For Lenovo 300e Chromebook 2nd Gen,,,,,,120
078GNG Dell Chromebook 11 3110 2-in-1 (Touch) LCD Screen Replacement Assembly,,,,,,
"6GHX8 06GHX8 NV133FHM-T00 13.3"" FHD LCD Touch Screen For Dell Latitude 3310 3330",,,,,,
P99NW 5T1KK M0XG8 Dell Chromebook 3100 LCD Screen Touch Assembly,,,,,,
078GNG LCD Touch Screen Replacement For Dell Chromebook 11 3110 2-In-1,,,,,,
002X3T Dell Chromebook 11 5190 LCD Touch LCD Screen Panel,,,,,,
03NM8D Dell LCD Screen Replacement For Chromebook 11 3110 2 In 1 LCD,,,,,,
MFX94 45GHC VCTXR Dell Chromebook 3100 Screen Replacement 2 In1 LCD Touchscreen Assembly With Bezel,,,,,,
0VCTXR Dell Chromebook 11 5190 2 In 1 LCD Screen w/Bezel Replacement Display,,,,,,
0798C5 Dell Touch Screen Chromebook 11 3189 LCD Touch Digitizer Screen Assembly,,,,,,
"26DW7 Dell LCD Screen Replacement For Dell Chromebook 11 (3120) 11.6"" Touchscreen WXGAHD",,,,,,
"03WXT4 NT116WHM-A20 11.6"" LCD Touch Screen for Laptop Panel Replacement",,,,,,
Dell Chromebook 11 3120 Replacement LCD Screen NV116WHM-A20 NV116WHM-A22 With Touch,,,,,,
P2FCT Dell Chromebook 11 5190 2-In-1 LCD Screen Replacement T0HJY ZBDZ06 B116XAB01 .2,,,,,,
"74XJT LCD Screen Replacement 15.6"" FHD Complete LCD for Dell XPS 15 9560 9550 Precision 5510",,,,,,
P99NW 5T1KK M0XG8 Dell Chromebook 3100 Touch Assembly with Frame Built-In Board,,,,,,
"5D10S39728 Lenovo 13.3"" FHD Touch Screen Assembly for Lenovo IdeaPad Duet 5 Chromebook 13Q7C6",,,,,,
"5D10S39706 11.6"" LLCD Screen Assembly Replacement For enovo Flex 3 Chrome 11M836",,,,,,
"SD10W08497 Lenovo Chromebook LCD Screen Replacement 11.6"" N116HSE-EBC",,,,,,
5D11C95890 Lenovo LCD Screen Assembly Replacement For 300e Chromebook Gen 3,,,,,,
5D10Z90321 Lenovo Chromebook 100E Gen3 AMD LCD Screen Replacement N116BGE-EA2,,,,,,
078GNG Dell Chromebook 11 3110 2-in-1 (Touch) LCD Screen Replacement Assembly,,,,,,
5M10Z54438 5M10Z54435 5M10Z54434 Lenovo ThinkPad C13 Yoga Gen 1 Chromebook FHD LCD LED Touch Screen Display Assembly,,,,,,
5D10S73319 for Lenovo Yoga C930-13 C930-13IKB 81C4 FHD 1920×1080 LCD Touch Screen Digitizer Assembly,,,,,,
"CGDY2 Laptop LED LCD Replacement Screen 15.6"" 40 Pin 360HZ",,,,,,
"5D10S39615 Lenovo IdeaPad Yoga C940-15IRH 15.6"" FHD LCD Replacement W/Frame Board",,,,,,
"Lenovo Thinkpad P50 P51s 15.6"" UHD 4K LCD Screen Fit LQ156D1JW05 B156ZAN02.1 Panel",,,,,,
5D10Z90321 Lenovo Chromebook 100E Gen3 AMD LCD Screen Replacement N116BGE-EA2,,,,,,
5D10S73325 Lenovo LCD Screen Replacement Module For Lenovo Chromebook C330 B116XAB01,,,,,,
"5D10S39810 Lenovo Yoga 7 14IAL7 2K LCD Touch Screen Assembly Replacement 82QE OLED 14.0"" 2880*800",,,,,,
SD10W08497 Lenovo Chromebook C350-11 N116HSE-EBC HD Lcd Screen Replacement,,,,,,
5D11C95890 Lenovo LCD Screen Assembly Replacement For 300e Chromebook Gen 3,,,,,,
5D11D01448 LCD Touch Screen Replacement for Lenovo 300E Chromebook 2nd Gen 2,,,,,,
5D10S73320 Lenovo LCD Screen Replacement Yoga C930-13IKB 81C4000HUS UHD 3840*2160,,,,,,
"5D10S73319 Lenovo Yoga C930-13IKB 81C4 13.9"" FHD LCD Touch Screen Digitizer Assembly W Frame Board",,,,,,
"5D10S39615 Lenovo LYoga C940-15IRH 15.6"" FHD CD Screen Replacement W/Frame Board",,,,,,
5D10S73325 Replacement LCD Screen for Lenovo Chromebook C330 B116XAB01 – Screens,,,,,,
01AV969/01YT002 Lenovo 11e 20G8/20GA Palmrest w/Touchpad w/Speaker Windowns (No Fingerprint Reader),,,,,,
5M11C85595 5M11C85599 5M11C85596 Lenovo Windows 300W 500W Gen3(82J1 82J2 82J3 82J4) LCD assembly,,,,"LCD with touch,Bezel, Board,G-Sensor Assembly Compatible",,
5M11C85595 5M11C85599 5M11C85596 Lenovo Windows 300W 500W Gen3(82J1 82J2 82J3 82J4) LCD assembly,,,,,,
