UID,Status,Group,Title,Price,Qty,Title_Issue
438566,New,"(#1073) Non-Cataloged Items waiting for groups contact Dave","Acer C721-61PJ Chromebook LCD Panel Replacement Laptop LCD LED Screen Display Monitor",50,,"Acer 11 C721-61PJ Chromebook LCD Panel Replacement Laptop LCD LED Screen Display Monitor"
,"Dup title",,"Acer 11 C721-61PJ Chromebook LCD Panel Replacement Laptop LCD LED Screen Display Monitor",50,,"Line 1"
438567,New,"(#1073) Non-Cataloged Items waiting for groups contact Dave","Acer R753TN 11"" LCD Touch Screen Module Stylus Replacement Laptop LCD LED Screen Display Monitor",103.99,,"Acer R753TN 11-inch LCD Touchscreen Module (Stylus Compatible) Replacement Laptop LCD LED Screen Display Monitor"
438568,New,"(#1073) Non-Cataloged Items waiting for groups contact Dave","Acer 12 C871T Chromebook Touch LCD Panel Replacement Laptop LCD LED Screen Display Monitor",149.99,,
438569,New,"(#1073) Non-Cataloged Items waiting for groups contact Dave","Acer 13 CP713-3W Chromebook LCD Touch Screen Digitizer Module Replacement Laptop LCD LED Screen Display Monitor",224.99,,"Acer 13 CP713-3W Chromebook LCD Touchscreen Digitizer Module Replacement Laptop LCD LED Screen Display Monitor"
438570,New,"(#1073) Non-Cataloged Items waiting for groups contact Dave","Acer 14 CB314-1HT Chromebook LCD Touch Panel NEW Replacement Laptop LCD LED Screen Display Monitor",169.99,,"Acer 14 CB314-1HT Chromebook LCD Touch Panel - NEW Replacement Laptop LCD LED Screen Display Monitor"
438571,New,"(#1073) Non-Cataloged Items waiting for groups contact Dave","Acer 311 R722T-K95L Chromebook LCD Touch Screen Module Replacement Laptop LCD LED Screen Display Monitor",100.99,,"Acer 11 311 R722T-K95L Chromebook LCD Touchscreen Module Replacement Laptop LCD LED Screen Display Monitor"
438572,New,"(#1073) Non-Cataloged Items waiting for groups contact Dave","Acer C732T Chromebook LCD Touch Panel Replacement Laptop LCD LED Screen Display Monitor",112.99,,"Acer 11 C732T Chromebook LCD Touch Panel Replacement Laptop LCD LED Screen Display Monitor"
438573,New,"(#1073) Non-Cataloged Items waiting for groups contact Dave","Acer 14 C933T Chromebook LCD Touch Panel Replacement Laptop LCD LED Screen Display Monitor",110.99,,
438574,New,"(#1073) Non-Cataloged Items waiting for groups contact Dave","Acer R753T 11"" LCD Touch Screen 40 Pin Replacement Laptop LCD LED Screen Display Monitor",103.99,,"Acer R753T 11-inch LCD Touchscreen (40-pin) Replacement Laptop LCD LED Screen Display Monitor"
438575,New,"(#1073) Non-Cataloged Items waiting for groups contact Dave","Acer 311 C733T Chromebook LCD Touch Panel Replacement Laptop LCD LED Screen Display Monitor",112.99,,"Acer 11 311 C733T Chromebook LCD Touch Panel Replacement Laptop LCD LED Screen Display Monitor"
438576,New,"(#1073) Non-Cataloged Items waiting for groups contact Dave","Acer R753T 11"" LCD Touch Screen 30 Pin Replacement Laptop LCD LED Screen Display Monitor",97.99,,"Acer R753T 11-inch LCD Touchscreen (30-pin) Replacement Laptop LCD LED Screen Display Monitor"
438577,New,"(#1073) Non-Cataloged Items waiting for groups contact Dave","Acer R752T-C2YP Chromebook LCD Assembly Replacement Laptop LCD LED Screen Display Monitor",169.99,,"Acer 11 R752T-C2YP Chromebook LCD Assembly Replacement Laptop LCD LED Screen Display Monitor"
,"Dup title",,"Acer R753T 11-inch LCD Touchscreen (30-pin) Replacement Laptop LCD LED Screen Display Monitor",97.99,,"Line 12"
438578,New,"(#1073) Non-Cataloged Items waiting for groups contact Dave","Acer 13 CB5-312T Chromebook LCD Touch Screen Digitizer Module Replacement Laptop LCD LED Screen Display Monitor",214.99,,"Acer 13 CB5-312T Chromebook LCD Touchscreen Digitizer Module Replacement Laptop LCD LED Screen Display Monitor"
438579,New,"(#1073) Non-Cataloged Items waiting for groups contact Dave","Acer C730E Chromebook LCD Panel Replacement Laptop LCD LED Screen Display Monitor",50,,"Acer 11 C730E Chromebook LCD Panel - GRADE A Replacement Laptop LCD LED Screen Display Monitor"
438580,New,"(#1073) Non-Cataloged Items waiting for groups contact Dave","Acer C731T Chromebook LCD Touch Panel Replacement Laptop LCD LED Screen Display Monitor",84.99,,"Acer 11 C731T Chromebook LCD Touch Panel Replacement Laptop LCD LED Screen Display Monitor"
438581,New,"(#1073) Non-Cataloged Items waiting for groups contact Dave","Acer C731 Chromebook LCD Panel Replacement Laptop LCD LED Screen Display Monitor",50,,"Acer 11 C731 Chromebook LCD Panel - GRADE A Replacement Laptop LCD LED Screen Display Monitor"
438582,New,"(#1073) Non-Cataloged Items waiting for groups contact Dave","Acer C740 Chromebook LCD Assembly Replacement Laptop LCD LED Screen Display Monitor",89.99,,"Acer 11 C740 Chromebook LCD Assembly Replacement Laptop LCD LED Screen Display Monitor"
438583,New,"(#1073) Non-Cataloged Items waiting for groups contact Dave","Acer CB311 Chromebook LCD Touch Panel Replacement Laptop LCD LED Screen Display Monitor",84.99,,"Acer 11 CB311 Chromebook LCD Touch Panel Replacement Laptop LCD LED Screen Display Monitor"
438584,New,"(#1073) Non-Cataloged Items waiting for groups contact Dave","Acer CB3-111 Chromebook LCD Panel Replacement Laptop LCD LED Screen Display Monitor",50,,"Acer 11 CB3-111 Chromebook LCD Panel - GRADE A Replacement Laptop LCD LED Screen Display Monitor"
438585,New,"(#1073) Non-Cataloged Items waiting for groups contact Dave","Acer 15 CB3-532 Chromebook LCD Assembly Replacement Laptop LCD LED Screen Display Monitor",109.99,,
438586,New,"(#1073) Non-Cataloged Items waiting for groups contact Dave","Acer 712 C871 Chromebook LCD Panel Replacement Laptop LCD LED Screen Display Monitor",72.99,,
438587,New,"(#1073) Non-Cataloged Items waiting for groups contact Dave","Acer CB3-131 Chromebook LCD Panel Replacement Laptop LCD LED Screen Display Monitor",50,,"Acer 11 CB3-131 Chromebook LCD Panel - GRADE A Replacement Laptop LCD LED Screen Display Monitor"
438588,New,"(#1073) Non-Cataloged Items waiting for groups contact Dave","Acer 311 C733 Chromebook LCD Panel NEW Replacement Laptop LCD LED Screen Display Monitor",50,,"Acer 11 311 C733 Chromebook LCD Panel - NEW Replacement Laptop LCD LED Screen Display Monitor"
438589,New,"(#1073) Non-Cataloged Items waiting for groups contact Dave","Acer C771T Chromebook LCD Touch Panel Replacement Laptop LCD LED Screen Display Monitor",109.99,,"Acer 11 C771T Chromebook LCD Touch Panel Replacement Laptop LCD LED Screen Display Monitor"
438590,New,"(#1073) Non-Cataloged Items waiting for groups contact Dave","Acer C738T Chromebook LCD Touch Screen Digitizer Module Replacement Laptop LCD LED Screen Display Monitor",99.99,,"Acer 11 C738T Chromebook LCD Touchscreen Digitizer Module Replacement Laptop LCD LED Screen Display Monitor"
438591,New,"(#1073) Non-Cataloged Items waiting for groups contact Dave","Acer C771 Chromebook LCD Panel NEW Replacement Laptop LCD LED Screen Display Monitor",50,,"Acer 11 C771 Chromebook LCD Panel - NEW Replacement Laptop LCD LED Screen Display Monitor"
,"Dup title",,"Acer 11 CB311 Chromebook LCD Touch Panel Replacement Laptop LCD LED Screen Display Monitor",109.99,,"Line 20"
438592,New,"(#1073) Non-Cataloged Items waiting for groups contact Dave","Acer CB5-132T Chromebook LCD Touch Screen Digitizer Module Black Replacement Laptop LCD LED Screen Display Monitor",99.99,,"Acer 11 CB5-132T Chromebook LCD Touchscreen Digitizer Module, Black Replacement Laptop LCD LED Screen Display Monitor"
438593,New,"(#1073) Non-Cataloged Items waiting for groups contact Dave","Acer CB311-9H Chromebook LCD Panel New Replacement Laptop LCD LED Screen Display Monitor",50,,"Acer 11 CB311-9H Chromebook LCD Panel - New Replacement Laptop LCD LED Screen Display Monitor"
438594,New,"(#1073) Non-Cataloged Items waiting for groups contact Dave","Acer C740 Chromebook LCD Panel Replacement Laptop LCD LED Screen Display Monitor",72.99,,"Acer 11 C740 Chromebook LCD Panel Replacement Laptop LCD LED Screen Display Monitor"
438595,New,"(#1073) Non-Cataloged Items waiting for groups contact Dave","Acer Tab 10 Tablet Chromebook LCD Touch Screen Digitizer Module With LCD Cable Replacement Laptop LCD LED Screen Display Monitor",249.99,,"Acer Tab 10 Tablet Chromebook LCD Touchscreen Digitizer Module (With LCD Cable) Replacement Laptop LCD LED Screen Display Monitor"
438596,New,"(#1073) Non-Cataloged Items waiting for groups contact Dave","Acer C721-61PJ Chromebook LCD Panel NEW Replacement Laptop LCD LED Screen Display Monitor",50,,"Acer 11 C721-61PJ Chromebook LCD Panel - NEW Replacement Laptop LCD LED Screen Display Monitor"
,Discard,,"Acer 11 C732T Chromebook LCD Touch Panel, Glossy - PULL Replacement Laptop LCD LED Screen Display Monitor",50,,Pull
438597,New,"(#1073) Non-Cataloged Items waiting for groups contact Dave","Acer R752T Chromebook LCD Touch Screen Module Replacement Laptop LCD LED Screen Display Monitor",103.99,,"Acer 11 R752T Chromebook LCD Touchscreen Module Replacement Laptop LCD LED Screen Display Monitor"
,"Dup title",,"Acer 11 C731T Chromebook LCD Touch Panel Replacement Laptop LCD LED Screen Display Monitor",84.99,,"Line 17"
,"Dup title",,"Acer 11 C731 Chromebook LCD Panel - GRADE A Replacement Laptop LCD LED Screen Display Monitor",50,,"Line 18"
,"Dup title",,"Acer 11 C740 Chromebook LCD Assembly Replacement Laptop LCD LED Screen Display Monitor",89.99,,"Line 19"
,"Dup title",,"Acer 11 CB311 Chromebook LCD Touch Panel Replacement Laptop LCD LED Screen Display Monitor",84.99,,"Line 20"
,"Dup title",,"Acer 11 CB3-111 Chromebook LCD Panel - GRADE A Replacement Laptop LCD LED Screen Display Monitor",50,,"Line 21"
,"Dup title",,"Acer 15 CB3-532 Chromebook LCD Assembly Replacement Laptop LCD LED Screen Display Monitor",109.99,,"Line 22"
,"Dup title",,"Acer 712 C871 Chromebook LCD Panel Replacement Laptop LCD LED Screen Display Monitor",72.99,,"Line 23"
,"Dup title",,"Acer 11 CB3-131 Chromebook LCD Panel - GRADE A Replacement Laptop LCD LED Screen Display Monitor",50,,"Line 24"
438598,New,"(#1073) Non-Cataloged Items waiting for groups contact Dave","Acer C731T Chromebook LCD Assembly Replacement Laptop LCD LED Screen Display Monitor",149.99,,"Acer 11 C731T Chromebook LCD Assembly Replacement Laptop LCD LED Screen Display Monitor"
438599,New,"(#1073) Non-Cataloged Items waiting for groups contact Dave","Acer C720 Chromebook LCD Panel NEW Replacement Laptop LCD LED Screen Display Monitor",50,,"Acer 11 C720 Chromebook LCD Panel - NEW Replacement Laptop LCD LED Screen Display Monitor"
438600,New,"(#1073) Non-Cataloged Items waiting for groups contact Dave","Acer CB311 Chromebook LCD Panel Replacement Laptop LCD LED Screen Display Monitor",50,,"Acer 11 CB311 Chromebook LCD Panel - GRADE A Replacement Laptop LCD LED Screen Display Monitor"
438601,New,"(#1073) Non-Cataloged Items waiting for groups contact Dave","Acer C730E Chromebook LCD Assembly Replacement Laptop LCD LED Screen Display Monitor",89.99,,"Acer 11 C730E Chromebook LCD Assembly Replacement Laptop LCD LED Screen Display Monitor"
438602,New,"(#1073) Non-Cataloged Items waiting for groups contact Dave","Acer C731 Chromebook LCD Panel NEW Replacement Laptop LCD LED Screen Display Monitor",50,,"Acer 11 C731 Chromebook LCD Panel - NEW Replacement Laptop LCD LED Screen Display Monitor"
438603,New,"(#1073) Non-Cataloged Items waiting for groups contact Dave","Acer C732 Chromebook LCD Panel Replacement Laptop LCD LED Screen Display Monitor",50,,"Acer 11 C732 Chromebook LCD Panel - GRADE A Replacement Laptop LCD LED Screen Display Monitor"
438604,New,"(#1073) Non-Cataloged Items waiting for groups contact Dave","Acer R751T Chromebook LCD Assembly Replacement Laptop LCD LED Screen Display Monitor",199.99,,"Acer 11 R751T Chromebook LCD Assembly Replacement Laptop LCD LED Screen Display Monitor"
438605,New,"(#1073) Non-Cataloged Items waiting for groups contact Dave","Acer CB3-111 Chromebook LCD Panel NEW Replacement Laptop LCD LED Screen Display Monitor",50,,"Acer 11 CB3-111 Chromebook LCD Panel - NEW Replacement Laptop LCD LED Screen Display Monitor"
438606,New,"(#1073) Non-Cataloged Items waiting for groups contact Dave","Acer 311 C733 Chromebook LCD Panel Replacement Laptop LCD LED Screen Display Monitor",50,,"Acer 11 311 C733 Chromebook LCD Panel - GRADE A Replacement Laptop LCD LED Screen Display Monitor"
438607,New,"(#1073) Non-Cataloged Items waiting for groups contact Dave","Acer C731 Chromebook LCD Assembly Replacement Laptop LCD LED Screen Display Monitor",99.99,,"Acer 11 C731 Chromebook LCD Assembly Replacement Laptop LCD LED Screen Display Monitor"
438608,New,"(#1073) Non-Cataloged Items waiting for groups contact Dave","Acer CB3-131 Chromebook LCD Panel NEW Replacement Laptop LCD LED Screen Display Monitor",50,,"Acer 11 CB3-131 Chromebook LCD Panel - NEW Replacement Laptop LCD LED Screen Display Monitor"
438609,New,"(#1073) Non-Cataloged Items waiting for groups contact Dave","Acer CB311-9H Chromebook LCD Panel Replacement Laptop LCD LED Screen Display Monitor",50,,"Acer 11 CB311-9H Chromebook LCD Panel - GRADE A Replacement Laptop LCD LED Screen Display Monitor"
438610,New,"(#1073) Non-Cataloged Items waiting for groups contact Dave","Acer R751T Chromebook LCD Touch Screen Digitizer Module Replacement Laptop LCD LED Screen Display Monitor",90.99,,"Acer 11 R751T Chromebook LCD Touchscreen Digitizer Module Replacement Laptop LCD LED Screen Display Monitor"
438611,New,"(#1073) Non-Cataloged Items waiting for groups contact Dave","Acer CB311 Chromebook LCD Panel Non Touch NEW Replacement Laptop LCD LED Screen Display Monitor",50,,"Acer 11 CB311 Chromebook LCD Panel, Non-Touch - NEW Replacement Laptop LCD LED Screen Display Monitor"
438566,Existing,"(#1073) Non-Cataloged Items waiting for groups contact Dave","Acer C721-61PJ Chromebook LCD Panel Replacement Laptop LCD LED Screen Display Monitor",50,,"Acer 11 C721-61PJ Chromebook LCD Panel - GRADE A Replacement Laptop LCD LED Screen Display Monitor"
438612,New,"(#1073) Non-Cataloged Items waiting for groups contact Dave","Asus CR1 Non Touch Chromebook LCD Panel Replacement Laptop LCD LED Screen Display Monitor",50,,"Asus 11 CR1 Non-Touch Chromebook LCD Panel Replacement Laptop LCD LED Screen Display Monitor"
438613,New,"(#1073) Non-Cataloged Items waiting for groups contact Dave","Asus C203XA Chromebook LCD Panel Replacement Laptop LCD LED Screen Display Monitor",50,,"Asus 11 C203XA Chromebook LCD Panel Replacement Laptop LCD LED Screen Display Monitor"
438614,New,"(#1073) Non-Cataloged Items waiting for groups contact Dave","Asus C204MA Chromebook LCD Panel Replacement Laptop LCD LED Screen Display Monitor",50,,"Asus 11 C204MA Chromebook LCD Panel Replacement Laptop LCD LED Screen Display Monitor"
,Discard,,"Asus 11 CR1 Chromebook Touchscreen Digitizer Module (30-pin, Stylus Compatible) Replacement Laptop LCD LED Screen Display Monitor",103.99,,Stylus
438615,New,"(#1073) Non-Cataloged Items waiting for groups contact Dave","Asus 13 C300 Chromebook LCD Assembly Red/White Replacement Laptop LCD LED Screen Display Monitor",99.99,,"Asus 13 C300 Chromebook LCD Assembly, Red/White Replacement Laptop LCD LED Screen Display Monitor"
438616,New,"(#1073) Non-Cataloged Items waiting for groups contact Dave","Asus C223N Chromebook LCD Panel NEW Replacement Laptop LCD LED Screen Display Monitor",50,,"Asus 11 C223N Chromebook LCD Panel - NEW Replacement Laptop LCD LED Screen Display Monitor"
438617,New,"(#1073) Non-Cataloged Items waiting for groups contact Dave","Asus 13 C300 Chromebook LCD Assembly Black Replacement Laptop LCD LED Screen Display Monitor",99.99,,"Asus 13 C300 Chromebook LCD Assembly, Black Replacement Laptop LCD LED Screen Display Monitor"
438618,New,"(#1073) Non-Cataloged Items waiting for groups contact Dave","Asus CX22NA Chromebook LCD Panel NEW Replacement Laptop LCD LED Screen Display Monitor",50,,"Asus 11 CX22NA Chromebook LCD Panel - NEW Replacement Laptop LCD LED Screen Display Monitor"
438619,New,"(#1073) Non-Cataloged Items waiting for groups contact Dave","Asus C202SA Chromebook LCD Assembly Replacement Laptop LCD LED Screen Display Monitor",99.99,,"Asus 11 C202SA Chromebook LCD Assembly Replacement Laptop LCD LED Screen Display Monitor"
438620,New,"(#1073) Non-Cataloged Items waiting for groups contact Dave","Asus 15 C523N Chromebook LCD Panel Replacement Laptop LCD LED Screen Display Monitor",99.99,,
438621,New,"(#1073) Non-Cataloged Items waiting for groups contact Dave","Asus C200MA Chromebook LCD Assembly Replacement Laptop LCD LED Screen Display Monitor",59.99,,"Asus 11 C200MA Chromebook LCD Assembly Replacement Laptop LCD LED Screen Display Monitor"
,Discard,,"Asus 11 C213SA Chromebook LCD Touch Panel, Glossy - PULL Replacement Laptop LCD LED Screen Display Monitor",50,,Pull
438622,New,"(#1073) Non-Cataloged Items waiting for groups contact Dave","Asus C202SA Chromebook LCD Assembly Dark Gray Replacement Laptop LCD LED Screen Display Monitor",99.99,,"Asus 11 C202SA Chromebook LCD Assembly, Dark Gray Replacement Laptop LCD LED Screen Display Monitor"
438623,New,"(#1073) Non-Cataloged Items waiting for groups contact Dave","Asus C214MA Chromebook Touch Panel New Replacement Laptop LCD LED Screen Display Monitor",54,,"Asus 11 C214MA Chromebook Touch Panel - New Replacement Laptop LCD LED Screen Display Monitor"
438624,New,"(#1073) Non-Cataloged Items waiting for groups contact Dave","Asus 14 C433TA Chromebook LCD Touch Screen Digitizer Module Replacement Laptop LCD LED Screen Display Monitor",130.99,,"Asus 14 C433TA Chromebook LCD Touchscreen Digitizer Module Replacement Laptop LCD LED Screen Display Monitor"
,Discard,,"Asus 11 C202SA Chromebook LCD Panel - PULL Replacement Laptop LCD LED Screen Display Monitor",50,,Pull
438625,New,"(#1073) Non-Cataloged Items waiting for groups contact Dave","Asus C200MA Chromebook LCD Panel NEW Replacement Laptop LCD LED Screen Display Monitor",50,,"Asus 11 C200MA Chromebook LCD Panel - NEW Replacement Laptop LCD LED Screen Display Monitor"
,Discard,,"Asus 11 C201PA Chromebook LCD Panel - PULL Replacement Laptop LCD LED Screen Display Monitor",50,,Pull
438626,New,"(#1073) Non-Cataloged Items waiting for groups contact Dave","Asus CX1100 Chromebook LCD Panel NEW Replacement Laptop LCD LED Screen Display Monitor",50,,"Asus 11 CX1100 Chromebook LCD Panel - NEW Replacement Laptop LCD LED Screen Display Monitor"
,Discard,,"Asus 11 C204E Chromebook LCD Panel - PULL Replacement Laptop LCD LED Screen Display Monitor",50,,Pull
438627,New,"(#1073) Non-Cataloged Items waiting for groups contact Dave","Asus C203XA Chromebook LCD Panel NEW Replacement Laptop LCD LED Screen Display Monitor",50,,"Asus 11 C203XA Chromebook LCD Panel - NEW Replacement Laptop LCD LED Screen Display Monitor"
,Discard,,"Asus 11 C223N Chromebook LCD Panel - PULL Replacement Laptop LCD LED Screen Display Monitor",50,,Pull
438628,New,"(#1073) Non-Cataloged Items waiting for groups contact Dave","Asus CX1100 Chromebook LCD Panel Replacement Laptop LCD LED Screen Display Monitor",50,,"Asus 11 CX1100 Chromebook LCD Panel - GRADE A Replacement Laptop LCD LED Screen Display Monitor"
,Discard,,"Asus 11 CX22NA Chromebook LCD Panel - PULL Replacement Laptop LCD LED Screen Display Monitor",50,,Pull
,"Dup title",,"Asus 11 CX22NA Chromebook LCD Panel - NEW Replacement Laptop LCD LED Screen Display Monitor",50,,"Line 67"
,"Dup title",,"Asus 11 C202SA Chromebook LCD Assembly Replacement Laptop LCD LED Screen Display Monitor",99.99,,"Line 68"
,"Dup title",,"Asus 15 C523N Chromebook LCD Panel Replacement Laptop LCD LED Screen Display Monitor",99.99,,"Line 69"
,"Dup title",,"Asus 11 C200MA Chromebook LCD Assembly Replacement Laptop LCD LED Screen Display Monitor",59.99,,"Line 70"
,"Dup title",,"Asus 11 C213SA Chromebook LCD Touch Panel, Glossy - PULL Replacement Laptop LCD LED Screen Display Monitor",50,,"Line 71"
438629,New,"(#1073) Non-Cataloged Items waiting for groups contact Dave","Asus C213SA Chromebook LCD Assembly Replacement Laptop LCD LED Screen Display Monitor",199.99,,"Asus 11 C213SA Chromebook LCD Assembly Replacement Laptop LCD LED Screen Display Monitor"
,Discard,,"Asus 11 C214MA Chromebook Touch Panel, Glossy - Pull Replacement Laptop LCD LED Screen Display Monitor",50,,Pull
438630,New,"(#1073) Non-Cataloged Items waiting for groups contact Dave","Asus 10 C100PA Chromebook LCD Assembly Replacement Laptop LCD LED Screen Display Monitor",199.99,,
438631,New,"(#1073) Non-Cataloged Items waiting for groups contact Dave","Asus C213SA Chromebook LCD Touch Panel NEW Replacement Laptop LCD LED Screen Display Monitor",54,,"Asus 11 C213SA Chromebook LCD Touch Panel - NEW Replacement Laptop LCD LED Screen Display Monitor"
438632,New,"(#1073) Non-Cataloged Items waiting for groups contact Dave","Dell 14 Latitude 5420 Laptop Non Touch LCD Screen Replacement Laptop LCD LED Screen Display Monitor",139.99,,"Dell 14 Latitude 5420 Laptop Non-Touch LCD Screen Replacement Laptop LCD LED Screen Display Monitor"
438633,New,"(#1073) Non-Cataloged Items waiting for groups contact Dave","Dell 3110 Chromebook LCD Panel Replacement Laptop LCD LED Screen Display Monitor",50,,"Dell 11 3110 Chromebook LCD Panel - GRADE A Replacement Laptop LCD LED Screen Display Monitor"
438634,New,"(#1073) Non-Cataloged Items waiting for groups contact Dave","Dell 3110 Chromebook LCD Panel NEW Replacement Laptop LCD LED Screen Display Monitor",50,,"Dell 11 3110 Chromebook LCD Panel - NEW Replacement Laptop LCD LED Screen Display Monitor"
438635,New,"(#1073) Non-Cataloged Items waiting for groups contact Dave","Dell 3110 Touch Chromebook LCD Panel 40 Pin Glossy NEW Replacement Laptop LCD LED Screen Display Monitor",54,,"Dell 11 3110 Touch Chromebook LCD Touch Panel, 40-Pin, Glossy - NEW Replacement Laptop LCD LED Screen Display Monitor"
438636,New,"(#1073) Non-Cataloged Items waiting for groups contact Dave","Dell 3190 2-in-1 LCD Screen Replacement Laptop LCD LED Screen Display Monitor",103.99,,
,Discard,,"Dell 11 3110 Touch Chromebook LCD Touch Panel, 40-Pin, Glossy - PULL Replacement Laptop LCD LED Screen Display Monitor",50,,Pull
438637,New,"(#1073) Non-Cataloged Items waiting for groups contact Dave","Dell 3110 2-in-1 Chromebook LCD Module Replacement Laptop LCD LED Screen Display Monitor",125.99,,"Dell 11 3110 2-in-1 Chromebook LCD Module Replacement Laptop LCD LED Screen Display Monitor"
438638,New,"(#1073) Non-Cataloged Items waiting for groups contact Dave","Dell 3100 2-in-1 Chromebook LCD Touch Screen Assembly Replacement Laptop LCD LED Screen Display Monitor",115.99,,"Dell 11 3100 2 in 1 Chromebook LCD Touchscreen Assembly Replacement Laptop LCD LED Screen Display Monitor"
438639,New,"(#1073) Non-Cataloged Items waiting for groups contact Dave","Dell 3100 Non Touch Chromebook LCD Panel Replacement Laptop LCD LED Screen Display Monitor",50,,"Dell 11 3100 Non-touch Chromebook LCD Panel - GRADE A Replacement Laptop LCD LED Screen Display Monitor"
438640,New,"(#1073) Non-Cataloged Items waiting for groups contact Dave","Dell 3100 2-in-1 Chromebook LCD Touch Screen Module Stylus Replacement Laptop LCD LED Screen Display Monitor",136.99,,"Dell 11 3100 2-in-1 Chromebook LCD Touchscreen Module (Stylus Compatible) Replacement Laptop LCD LED Screen Display Monitor"
438641,New,"(#1073) Non-Cataloged Items waiting for groups contact Dave","Dell 3181 Chromebook LCD Panel Replacement Laptop LCD LED Screen Display Monitor",50,,"Dell 11 3181 Chromebook LCD Panel - GRADE A Replacement Laptop LCD LED Screen Display Monitor"
438642,New,"(#1073) Non-Cataloged Items waiting for groups contact Dave","Dell 3100 2-in-1 Chromebook LCD Touch Screen Module Replacement Laptop LCD LED Screen Display Monitor",98.99,,"Dell 11 3100 2-in-1 Chromebook LCD Touchscreen Module Replacement Laptop LCD LED Screen Display Monitor"
438643,New,"(#1073) Non-Cataloged Items waiting for groups contact Dave","Dell 3100 Non Touch Chromebook LCD Panel NEW Replacement Laptop LCD LED Screen Display Monitor",50,,"Dell 11 3100 Non-touch Chromebook LCD Panel - NEW Replacement Laptop LCD LED Screen Display Monitor"
438644,New,"(#1073) Non-Cataloged Items waiting for groups contact Dave","Dell 13 3380 Chromebook LCD Assembly Replacement Laptop LCD LED Screen Display Monitor",199.99,,
438645,New,"(#1073) Non-Cataloged Items waiting for groups contact Dave","Dell 3181 Chromebook LCD Panel NEW Replacement Laptop LCD LED Screen Display Monitor",50,,"Dell 11 3181 Chromebook LCD Panel - NEW Replacement Laptop LCD LED Screen Display Monitor"
438646,New,"(#1073) Non-Cataloged Items waiting for groups contact Dave","Dell 5190 Chromebook LCD Assembly Replacement Laptop LCD LED Screen Display Monitor",119.99,,"Dell 11 5190 Chromebook LCD Assembly Replacement Laptop LCD LED Screen Display Monitor"
438647,New,"(#1073) Non-Cataloged Items waiting for groups contact Dave","Dell 3120 Chromebook LCD Panel NEW Replacement Laptop LCD LED Screen Display Monitor",50,,"Dell 11 3120 Chromebook LCD Panel - NEW Replacement Laptop LCD LED Screen Display Monitor"
438648,New,"(#1073) Non-Cataloged Items waiting for groups contact Dave","Dell 3120 Chromebook LCD Assembly Replacement Laptop LCD LED Screen Display Monitor",114.99,,"Dell 11 3120 Chromebook LCD Assembly Replacement Laptop LCD LED Screen Display Monitor"
438649,New,"(#1073) Non-Cataloged Items waiting for groups contact Dave","Dell 5190 Education Chromebook LCD Panel NEW Replacement Laptop LCD LED Screen Display Monitor",50,,"Dell 11 5190 Education Chromebook LCD Panel - NEW Replacement Laptop LCD LED Screen Display Monitor"
438650,New,"(#1073) Non-Cataloged Items waiting for groups contact Dave","Dell 3180 Chromebook LCD Assembly Replacement Laptop LCD LED Screen Display Monitor",99.99,,"Dell 11 3180 Chromebook LCD Assembly Replacement Laptop LCD LED Screen Display Monitor"
438651,New,"(#1073) Non-Cataloged Items waiting for groups contact Dave","Dell CB1C13 Chromebook LCD Panel NEW Replacement Laptop LCD LED Screen Display Monitor",50,,"Dell 11 CB1C13 Chromebook LCD Panel - NEW Replacement Laptop LCD LED Screen Display Monitor"
438652,New,"(#1073) Non-Cataloged Items waiting for groups contact Dave","Dell 5190 2-in-1 WFC LCD Touch Screen Assembly Replacement Laptop LCD LED Screen Display Monitor",199.99,,"Dell 11 5190 (2-in-1 WFC) LCD Touchscreen Assembly Replacement Laptop LCD LED Screen Display Monitor"
438653,New,"(#1073) Non-Cataloged Items waiting for groups contact Dave","Dell 3180 Chromebook LCD Panel Replacement Laptop LCD LED Screen Display Monitor",50,,"Dell 11 3180 Chromebook LCD Panel - GRADE A Replacement Laptop LCD LED Screen Display Monitor"
438654,New,"(#1073) Non-Cataloged Items waiting for groups contact Dave","Dell 3100 Chromebook LCD Touch Screen Assembly Replacement Laptop LCD LED Screen Display Monitor",199.99,,"Dell 11 3100 Chromebook LCD Touchscreen Assembly Replacement Laptop LCD LED Screen Display Monitor"
438655,New,"(#1073) Non-Cataloged Items waiting for groups contact Dave","Dell 3100 Touch Chromebook LCD Panel 40 Pin NEW Replacement Laptop LCD LED Screen Display Monitor",54,,"Dell 11 3100 Touch Chromebook LCD Touch Panel, 40-Pin - NEW Replacement Laptop LCD LED Screen Display Monitor"
438656,New,"(#1073) Non-Cataloged Items waiting for groups contact Dave","Dell 3189 Chromebook LCD Assembly Replacement Laptop LCD LED Screen Display Monitor",199.99,,"Dell 11 3189 Chromebook LCD Assembly Replacement Laptop LCD LED Screen Display Monitor"
438657,New,"(#1073) Non-Cataloged Items waiting for groups contact Dave","Dell 5190 Non Touch Chromebook LCD Panel NEW Replacement Laptop LCD LED Screen Display Monitor",50,,"Dell 11 5190 (Non-touch) Chromebook LCD Panel - NEW Replacement Laptop LCD LED Screen Display Monitor"
438658,New,"(#1073) Non-Cataloged Items waiting for groups contact Dave","Dell 3120 Chromebook LCD Assembly Touch Replacement Laptop LCD LED Screen Display Monitor",79.99,,"Dell 11 3120 Chromebook LCD Assembly, Touch Replacement Laptop LCD LED Screen Display Monitor"
,"Dup title",,"Dell 11 3100 Non-touch Chromebook LCD Panel - NEW Replacement Laptop LCD LED Screen Display Monitor",50,,"Line 105"
,"Dup title",,"Dell 13 3380 Chromebook LCD Assembly Replacement Laptop LCD LED Screen Display Monitor",199.99,,"Line 106"
,"Dup title",,"Dell 11 3181 Chromebook LCD Panel - NEW Replacement Laptop LCD LED Screen Display Monitor",50,,"Line 107"
,"Dup title",,"Dell 11 5190 Chromebook LCD Assembly Replacement Laptop LCD LED Screen Display Monitor",119.99,,"Line 108"
,"Dup title",,"Dell 11 3120 Chromebook LCD Panel - NEW Replacement Laptop LCD LED Screen Display Monitor",50,,"Line 109"
,"Dup title",,"Dell 11 3120 Chromebook LCD Assembly Replacement Laptop LCD LED Screen Display Monitor",114.99,,"Line 110"
,"Dup title",,"Dell 11 5190 Education Chromebook LCD Panel - NEW Replacement Laptop LCD LED Screen Display Monitor",50,,"Line 111"
,"Dup title",,"Dell 11 3180 Chromebook LCD Assembly Replacement Laptop LCD LED Screen Display Monitor",99.99,,"Line 112"
,"Dup title",,"Dell 11 CB1C13 Chromebook LCD Panel - NEW Replacement Laptop LCD LED Screen Display Monitor",50,,"Line 113"
,"Dup title",,"Dell 11 5190 (2-in-1 WFC) LCD Touchscreen Assembly Replacement Laptop LCD LED Screen Display Monitor",199.99,,"Line 114"
,"Dup title",,"Dell 11 3180 Chromebook LCD Panel - GRADE A Replacement Laptop LCD LED Screen Display Monitor",50,,"Line 115"
438659,New,"(#1073) Non-Cataloged Items waiting for groups contact Dave","HP Fortis 14 G10 Chromebook Non Touch LCD Panel Replacement Laptop LCD LED Screen Display Monitor",82.99,,"HP Fortis 14 G10 Chromebook Non-Touch LCD Panel Replacement Laptop LCD LED Screen Display Monitor"
438660,New,"(#1073) Non-Cataloged Items waiting for groups contact Dave","HP 14 G5 AMD Chromebook LCD Touch Panel Replacement Laptop LCD LED Screen Display Monitor",159.99,,"HP 14 G5 (AMD) Chromebook LCD Touch Panel Replacement Laptop LCD LED Screen Display Monitor"
438661,New,"(#1073) Non-Cataloged Items waiting for groups contact Dave","HP G9 EE Touch Intel Chromebook LCD Panel Glossy NEW Replacement Laptop LCD LED Screen Display Monitor",54,,"HP 11 G9 EE Touch (Intel) Chromebook LCD Touch Panel, Glossy - NEW Replacement Laptop LCD LED Screen Display Monitor"
,Discard,,"HP 11 G9 EE Touch (Intel) Chromebook LCD Touch Panel, Glossy - PULL Replacement Laptop LCD LED Screen Display Monitor",50,,Pull
,Discard,,"HP 11 G6 EE Chromebook LCD Touch Panel, 40-Pin, Glossy - PULL Replacement Laptop LCD LED Screen Display Monitor",50,,Pull
438662,New,"(#1073) Non-Cataloged Items waiting for groups contact Dave","HP Fortis 14 G10 Chromebook Touch LCD Panel Replacement Laptop LCD LED Screen Display Monitor",129.99,,
438663,New,"(#1073) Non-Cataloged Items waiting for groups contact Dave","HP G9 EE Intel Chromebook LCD Panel Replacement Laptop LCD LED Screen Display Monitor",50,,"HP 11 G9 EE (Intel) Chromebook LCD Panel - GRADE A Replacement Laptop LCD LED Screen Display Monitor"
438664,New,"(#1073) Non-Cataloged Items waiting for groups contact Dave","HP G9 EE Intel Chromebook LCD Panel NEW Replacement Laptop LCD LED Screen Display Monitor",50,,"HP 11 G9 EE (Intel) Chromebook LCD Panel - NEW Replacement Laptop LCD LED Screen Display Monitor"
438665,New,"(#1073) Non-Cataloged Items waiting for groups contact Dave","HP G9 EE Intel Chromebook LCD Touch Panel Replacement Laptop LCD LED Screen Display Monitor",112.99,,"HP 11 G9 EE (Intel) Chromebook LCD Touch Panel Replacement Laptop LCD LED Screen Display Monitor"
438666,New,"(#1073) Non-Cataloged Items waiting for groups contact Dave","HP 14 14A-NA006ZDX Non Touch Chromebook LCD Panel Replacement Laptop LCD LED Screen Display Monitor",99.99,,"HP 14 14A-NA006ZDX Non-Touch Chromebook LCD Panel Replacement Laptop LCD LED Screen Display Monitor"
438667,New,"(#1073) Non-Cataloged Items waiting for groups contact Dave","HP 14 G7 Touch Chromebook LCD Panel Replacement Laptop LCD LED Screen Display Monitor",73.99,,
438668,New,"(#1073) Non-Cataloged Items waiting for groups contact Dave","HP 14 DB-0050NR Non Touch Chromebook LCD Panel Replacement Laptop LCD LED Screen Display Monitor",104.99,,"HP 14 DB-0050NR Non-Touch Chromebook LCD Panel Replacement Laptop LCD LED Screen Display Monitor"
438669,New,"(#1073) Non-Cataloged Items waiting for groups contact Dave","HP 14 x360 14c-ca0 Chromebook LCD Touch Screen Digitizer Module Replacement Laptop LCD LED Screen Display Monitor",159.99,,"HP 14 x360 14c-ca0 Chromebook LCD Touchscreen Digitizer Module Replacement Laptop LCD LED Screen Display Monitor"
438670,New,"(#1073) Non-Cataloged Items waiting for groups contact Dave","HP 14 x360 Chromebook LCD Touch Screen Digitizer Module Replacement Laptop LCD LED Screen Display Monitor",171.99,,"HP 14 x360 Chromebook LCD Touchscreen Digitizer Module Replacement Laptop LCD LED Screen Display Monitor"
438671,New,"(#1073) Non-Cataloged Items waiting for groups contact Dave","HP V-Series Chromebook LCD Panel NEW Replacement Laptop LCD LED Screen Display Monitor",50,,"HP 11 V-Series Chromebook LCD Panel - NEW Replacement Laptop LCD LED Screen Display Monitor"
438672,New,"(#1073) Non-Cataloged Items waiting for groups contact Dave","HP G7 EE Chromebook LCD Panel Replacement Laptop LCD LED Screen Display Monitor",50,,"HP 11 G7 EE Chromebook LCD Panel - GRADE A Replacement Laptop LCD LED Screen Display Monitor"
,Discard,,"HP 11 G5 EE Chromebook LCD Touch Panel, 40-Pin, Glossy - PULL Replacement Laptop LCD LED Screen Display Monitor",50,,Pull
438673,New,"(#1073) Non-Cataloged Items waiting for groups contact Dave","HP x360 G3 EE Chromebook LCD Touch Screen Module Finger-Touch Only Replacement Laptop LCD LED Screen Display Monitor",124.99,,"HP 11 x360 G3 EE Chromebook LCD Touchscreen Module (Finger-Touch Only) Replacement Laptop LCD LED Screen Display Monitor"
438674,New,"(#1073) Non-Cataloged Items waiting for groups contact Dave","HP G6 EE Chromebook LCD Panel NEW Replacement Laptop LCD LED Screen Display Monitor",50,,"HP 11 G6 EE Chromebook LCD Panel - NEW Replacement Laptop LCD LED Screen Display Monitor"
438675,New,"(#1073) Non-Cataloged Items waiting for groups contact Dave","HP G8 EE AMD Chromebook LCD Panel Replacement Laptop LCD LED Screen Display Monitor",50,,"HP 11 G8 EE (AMD) Chromebook LCD Panel - GRADE A Replacement Laptop LCD LED Screen Display Monitor"
,Discard,,"HP 11 G7 EE Touch Chromebook LCD Touch Panel, Glossy - Pull Replacement Laptop LCD LED Screen Display Monitor",50,,Pull
438676,New,"(#1073) Non-Cataloged Items waiting for groups contact Dave","HP x360 G3 EE MediaTek Chromebook LCD Touch Screen Module Finger-Touch Only Replacement Laptop LCD LED Screen Display Monitor",124.99,,"HP 11 x360 G3 EE (MediaTek) Chromebook LCD Touchscreen Module (Finger-Touch Only) Replacement Laptop LCD LED Screen Display Monitor"
438677,New,"(#1073) Non-Cataloged Items waiting for groups contact Dave","HP G7 EE Chromebook LCD Panel NEW Replacement Laptop LCD LED Screen Display Monitor",50,,"HP 11 G7 EE Chromebook LCD Panel - NEW Replacement Laptop LCD LED Screen Display Monitor"
438678,New,"(#1073) Non-Cataloged Items waiting for groups contact Dave","HP G8 EE Intel Chromebook LCD Panel Replacement Laptop LCD LED Screen Display Monitor",50,,"HP 11 G8 EE (Intel) Chromebook LCD Panel - GRADE A Replacement Laptop LCD LED Screen Display Monitor"
438679,New,"(#1073) Non-Cataloged Items waiting for groups contact Dave","HP 14 G6 Touch LCD Panel NEW Replacement Laptop LCD LED Screen Display Monitor",50.99,,"HP 14 G6 Touch LCD Panel - NEW Replacement Laptop LCD LED Screen Display Monitor"
438680,New,"(#1073) Non-Cataloged Items waiting for groups contact Dave","HP G4 EE Chromebook LCD Assembly Replacement Laptop LCD LED Screen Display Monitor",79.99,,"HP 11 G4 EE Chromebook LCD Assembly Replacement Laptop LCD LED Screen Display Monitor"
438681,New,"(#1073) Non-Cataloged Items waiting for groups contact Dave","HP 14 G5 AMD Touch LCD Panel NEW Replacement Laptop LCD LED Screen Display Monitor",114.99,,"HP 14 G5 (AMD) Touch LCD Panel - NEW Replacement Laptop LCD LED Screen Display Monitor"
438682,New,"(#1073) Non-Cataloged Items waiting for groups contact Dave","HP G4 EE Chromebook LCD Panel Replacement Laptop LCD LED Screen Display Monitor",50,,"HP 11 G4 EE Chromebook LCD Panel - GRADE A Replacement Laptop LCD LED Screen Display Monitor"
438683,New,"(#1073) Non-Cataloged Items waiting for groups contact Dave","HP G2 Chromebook LCD Panel Replacement Laptop LCD LED Screen Display Monitor",64.99,,"HP 11 G2 Chromebook LCD Panel Replacement Laptop LCD LED Screen Display Monitor"
438684,New,"(#1073) Non-Cataloged Items waiting for groups contact Dave","HP 14 G4 Chromebook LCD Assembly Replacement Laptop LCD LED Screen Display Monitor",149.99,,
438685,New,"(#1073) Non-Cataloged Items waiting for groups contact Dave","HP G5 Chromebook LCD Panel NEW Replacement Laptop LCD LED Screen Display Monitor",50,,"HP 11 G5 Chromebook LCD Panel - NEW Replacement Laptop LCD LED Screen Display Monitor"
438686,New,"(#1073) Non-Cataloged Items waiting for groups contact Dave","HP G5 EE Chromebook LCD Panel Replacement Laptop LCD LED Screen Display Monitor",50,,"HP 11 G5 EE Chromebook LCD Panel - GRADE A Replacement Laptop LCD LED Screen Display Monitor"
,Discard,,"HP 14 G6 Non-Touch LCD Panel - PULL Replacement Laptop LCD LED Screen Display Monitor",50,,Pull
438687,New,"(#1073) Non-Cataloged Items waiting for groups contact Dave","HP x360 G1 EE Chromebook LCD Assembly Finger-touch only Replacement Laptop LCD LED Screen Display Monitor",179.99,,"HP 11 x360 G1 EE Chromebook LCD Assembly (Finger-touch only) Replacement Laptop LCD LED Screen Display Monitor"
438688,New,"(#1073) Non-Cataloged Items waiting for groups contact Dave","HP G4 EE Chromebook LCD Panel NEW Replacement Laptop LCD LED Screen Display Monitor",50,,"HP 11 G4 EE Chromebook LCD Panel - NEW Replacement Laptop LCD LED Screen Display Monitor"
438689,New,"(#1073) Non-Cataloged Items waiting for groups contact Dave","HP V-Series Chromebook LCD Panel Replacement Laptop LCD LED Screen Display Monitor",50,,"HP 11 V-Series Chromebook LCD Panel - GRADE A Replacement Laptop LCD LED Screen Display Monitor"
,"Dup title",,"HP 14 G5 (AMD) Touch LCD Panel - NEW Replacement Laptop LCD LED Screen Display Monitor",114.99,,"Line 158"
,"Dup title",,"HP 11 G4 EE Chromebook LCD Panel - GRADE A Replacement Laptop LCD LED Screen Display Monitor",50,,"Line 159"
,"Dup title",,"HP 11 G2 Chromebook LCD Panel Replacement Laptop LCD LED Screen Display Monitor",64.99,,"Line 160"
,"Dup title",,"HP 14 G4 Chromebook LCD Assembly Replacement Laptop LCD LED Screen Display Monitor",149.99,,"Line 161"
,"Dup title",,"HP 11 G5 Chromebook LCD Panel - NEW Replacement Laptop LCD LED Screen Display Monitor",50,,"Line 162"
,"Dup title",,"HP 11 G5 EE Chromebook LCD Panel - GRADE A Replacement Laptop LCD LED Screen Display Monitor",50,,"Line 163"
,"Dup title",,"HP 14 G6 Non-Touch LCD Panel - PULL Replacement Laptop LCD LED Screen Display Monitor",50,,"Line 164"
,"Dup title",,"HP 11 x360 G1 EE Chromebook LCD Assembly (Finger-touch only) Replacement Laptop LCD LED Screen Display Monitor",179.99,,"Line 165"
,"Dup title",,"HP 11 G4 EE Chromebook LCD Panel - NEW Replacement Laptop LCD LED Screen Display Monitor",50,,"Line 166"
,"Dup title",,"HP 11 V-Series Chromebook LCD Panel - GRADE A Replacement Laptop LCD LED Screen Display Monitor",50,,"Line 167"
438690,New,"(#1073) Non-Cataloged Items waiting for groups contact Dave","HP 14 G6 Non Touch LCD Panel NEW Replacement Laptop LCD LED Screen Display Monitor",111.99,,"HP 14 G6 Non-Touch LCD Panel - NEW Replacement Laptop LCD LED Screen Display Monitor"
438691,New,"(#1073) Non-Cataloged Items waiting for groups contact Dave","HP G5 Chromebook LCD Assembly Non Touch Replacement Laptop LCD LED Screen Display Monitor",89.99,,"HP 11 G5 Chromebook LCD Assembly, Non-Touch Replacement Laptop LCD LED Screen Display Monitor"
438692,New,"(#1073) Non-Cataloged Items waiting for groups contact Dave","HP 14 G5 Intel Touch LCD Panel NEW Replacement Laptop LCD LED Screen Display Monitor",74.99,,"HP 14 G5 (Intel) Touch LCD Panel - NEW Replacement Laptop LCD LED Screen Display Monitor"
438693,New,"(#1073) Non-Cataloged Items waiting for groups contact Dave","HP G5 Chromebook LCD Panel Replacement Laptop LCD LED Screen Display Monitor",50,,"HP 11 G5 Chromebook LCD Panel - GRADE A Replacement Laptop LCD LED Screen Display Monitor"
,"Dup title",,"HP 14 G6 Touch LCD Panel - NEW Replacement Laptop LCD LED Screen Display Monitor",50.99,,"Line 156"
,"Dup title",,"HP 11 G4 EE Chromebook LCD Assembly Replacement Laptop LCD LED Screen Display Monitor",79.99,,"Line 157"
,"Dup title",,"HP 14 G5 (AMD) Touch LCD Panel - NEW Replacement Laptop LCD LED Screen Display Monitor",114.99,,"Line 158"
,"Dup title",,"HP 11 G4 EE Chromebook LCD Panel - GRADE A Replacement Laptop LCD LED Screen Display Monitor",50,,"Line 159"
,"Dup title",,"HP 11 G2 Chromebook LCD Panel Replacement Laptop LCD LED Screen Display Monitor",64.99,,"Line 160"
,"Dup title",,"HP 14 G4 Chromebook LCD Assembly Replacement Laptop LCD LED Screen Display Monitor",149.99,,"Line 161"
,"Dup title",,"HP 11 G5 Chromebook LCD Panel - NEW Replacement Laptop LCD LED Screen Display Monitor",50,,"Line 162"
,"Dup title",,"HP 11 G5 EE Chromebook LCD Panel - GRADE A Replacement Laptop LCD LED Screen Display Monitor",50,,"Line 163"
,"Dup title",,"HP 14 G6 Non-Touch LCD Panel - PULL Replacement Laptop LCD LED Screen Display Monitor",50,,"Line 164"
,"Dup title",,"HP 11 x360 G1 EE Chromebook LCD Assembly (Finger-touch only) Replacement Laptop LCD LED Screen Display Monitor",179.99,,"Line 165"
,"Dup title",,"HP 11 G5 Chromebook LCD Panel - NEW Replacement Laptop LCD LED Screen Display Monitor",50,,"Line 162"
,"Dup title",,"HP 11 G5 EE Chromebook LCD Panel - GRADE A Replacement Laptop LCD LED Screen Display Monitor",50,,"Line 163"
,"Dup title",,"HP 14 G6 Non-Touch LCD Panel - PULL Replacement Laptop LCD LED Screen Display Monitor",50,,"Line 164"
,"Dup title",,"HP 11 x360 G1 EE Chromebook LCD Assembly (Finger-touch only) Replacement Laptop LCD LED Screen Display Monitor",179.99,,"Line 165"
,"Dup title",,"HP 11 G4 EE Chromebook LCD Panel - NEW Replacement Laptop LCD LED Screen Display Monitor",50,,"Line 166"
,"Dup title",,"HP 11 V-Series Chromebook LCD Panel - GRADE A Replacement Laptop LCD LED Screen Display Monitor",50,,"Line 167"
,"Dup title",,"HP 14 G6 Non-Touch LCD Panel - NEW Replacement Laptop LCD LED Screen Display Monitor",111.99,,"Line 178"
,"Dup title",,"HP 11 G5 Chromebook LCD Assembly, Non-Touch Replacement Laptop LCD LED Screen Display Monitor",89.99,,"Line 179"
438694,New,"(#1073) Non-Cataloged Items waiting for groups contact Dave","HP G5 EE Chromebook LCD Panel NEW Replacement Laptop LCD LED Screen Display Monitor",50,,"HP 11 G5 EE Chromebook LCD Panel - NEW Replacement Laptop LCD LED Screen Display Monitor"
438695,New,"(#1073) Non-Cataloged Items waiting for groups contact Dave","HP G6 EE Chromebook LCD Panel Replacement Laptop LCD LED Screen Display Monitor",50,,"HP 11 G6 EE Chromebook LCD Panel - GRADE A Replacement Laptop LCD LED Screen Display Monitor"
,Discard,,"HP 11 G8 EE Touch (AMD) Chromebook LCD Touch Panel, Glossy - Pull Replacement Laptop LCD LED Screen Display Monitor",50,,Pull
,"Dup title",,"HP 14 x360 Chromebook LCD Touchscreen Digitizer Module Replacement Laptop LCD LED Screen Display Monitor",171.99,,"Line 145"
438696,New,"(#1073) Non-Cataloged Items waiting for groups contact Dave","HP G8 EE Intel Chromebook LCD Panel NEW Replacement Laptop LCD LED Screen Display Monitor",50,,"HP 11 G8 EE (Intel) Chromebook LCD Panel - NEW Replacement Laptop LCD LED Screen Display Monitor"
438697,New,"(#1073) Non-Cataloged Items waiting for groups contact Dave","HP G9 EE MK Chromebook LCD Screen Replacement Laptop LCD LED Screen Display Monitor",50,,"HP 11 G9 EE MK Chromebook LCD Screen - GRADE A Replacement Laptop LCD LED Screen Display Monitor"
438698,New,"(#1073) Non-Cataloged Items waiting for groups contact Dave","HP G5 EE Chromebook LCD Touch Panel 40 Pin NEW Replacement Laptop LCD LED Screen Display Monitor",54,,"HP 11 G5 EE Chromebook LCD Touch Panel, 40-Pin - NEW Replacement Laptop LCD LED Screen Display Monitor"
438699,New,"(#1073) Non-Cataloged Items waiting for groups contact Dave","HP x360 G1 EE Chromebook LCD Touch Screen Digitizer Module Stylus-compatible Replacement Laptop LCD LED Screen Display Monitor",169.99,,"HP 11 x360 G1 EE Chromebook LCD Touchscreen Digitizer Module (Stylus-compatible) Replacement Laptop LCD LED Screen Display Monitor"
438700,New,"(#1073) Non-Cataloged Items waiting for groups contact Dave","HP 11A-NB0013DX Chromebook LCD Panel NEW Replacement Laptop LCD LED Screen Display Monitor",50,,"HP 11A-NB0013DX Chromebook LCD Panel - NEW Replacement Laptop LCD LED Screen Display Monitor"
438701,New,"(#1073) Non-Cataloged Items waiting for groups contact Dave","HP 11A-NA0010NR Chromebook LCD Panel Replacement Laptop LCD LED Screen Display Monitor",50,,"HP 11 11A-NA0010NR Chromebook LCD Panel - GRADE A Replacement Laptop LCD LED Screen Display Monitor"
438702,New,"(#1073) Non-Cataloged Items waiting for groups contact Dave","HP G6 EE Chromebook LCD Touch Panel 40 Pin NEW Replacement Laptop LCD LED Screen Display Monitor",54,,"HP 11 G6 EE Chromebook LCD Touch Panel, 40-Pin - NEW Replacement Laptop LCD LED Screen Display Monitor"
438703,New,"(#1073) Non-Cataloged Items waiting for groups contact Dave","Lenovo 500e Gen 3 Chromebook LCD Touch Screen Digitizer Module Stylus Replacement Laptop LCD LED Screen Display Monitor",279.99,,"Lenovo 11 500e Gen 3 Chromebook LCD Touchscreen Digitizer Module (Stylus Compatible) Replacement Laptop LCD LED Screen Display Monitor"
438704,New,"(#1073) Non-Cataloged Items waiting for groups contact Dave","Lenovo 100e Gen 4 MediaTek Chromebook LCD Panel NEW Replacement Laptop LCD LED Screen Display Monitor",50,,"Lenovo 11 100e Gen 4 (MediaTek) Chromebook LCD Panel - NEW Replacement Laptop LCD LED Screen Display Monitor"
438705,New,"(#1073) Non-Cataloged Items waiting for groups contact Dave","Lenovo 100e Gen 4 MediaTek Chromebook LCD Panel Replacement Laptop LCD LED Screen Display Monitor",50,,"Lenovo 11 100e Gen 4 (MediaTek) Chromebook LCD Panel - GRADE A Replacement Laptop LCD LED Screen Display Monitor"
438706,New,"(#1073) Non-Cataloged Items waiting for groups contact Dave","Lenovo 100e Gen 3 Intel Chromebook LCD Panel Replacement Laptop LCD LED Screen Display Monitor",50,,"Lenovo 11 100e Gen 3 (Intel) Chromebook LCD Panel - GRADE A Replacement Laptop LCD LED Screen Display Monitor"
438707,New,"(#1073) Non-Cataloged Items waiting for groups contact Dave","Lenovo 15 C340-15 Chromebook Touch LCD Module Replacement Laptop LCD LED Screen Display Monitor",395.99,,
438708,New,"(#1073) Non-Cataloged Items waiting for groups contact Dave","Lenovo 100e Gen 3 Intel Chromebook LCD Panel NEW Replacement Laptop LCD LED Screen Display Monitor",50,,"Lenovo 11 100e Gen 3 (Intel) Chromebook LCD Panel - NEW Replacement Laptop LCD LED Screen Display Monitor"
438709,New,"(#1073) Non-Cataloged Items waiting for groups contact Dave","Lenovo 300e Gen 2 Intel Chromebook LCD Touch Screen 6-pin Gyro Replacement Laptop LCD LED Screen Display Monitor",133.99,,"Lenovo 11 300e Gen 2 (Intel) Chromebook LCD Touchscreen (6-pin Gyro) Replacement Laptop LCD LED Screen Display Monitor"
438710,New,"(#1073) Non-Cataloged Items waiting for groups contact Dave","Lenovo 15 C340 Chromebook LCD Assembly Replacement Laptop LCD LED Screen Display Monitor",249.99,,
438711,New,"(#1073) Non-Cataloged Items waiting for groups contact Dave","Lenovo 14 N42 Chromebook LCD Assembly Non Touch Version Replacement Laptop LCD LED Screen Display Monitor",119.99,,"Lenovo 14 N42 Chromebook LCD Assembly, Non-Touch Version Replacement Laptop LCD LED Screen Display Monitor"
438712,New,"(#1073) Non-Cataloged Items waiting for groups contact Dave","Lenovo 14 N42 Non Touch LCD Panel NEW Replacement Laptop LCD LED Screen Display Monitor",50,,"Lenovo 14 N42 Non-Touch LCD Panel - NEW Replacement Laptop LCD LED Screen Display Monitor"
438713,New,"(#1073) Non-Cataloged Items waiting for groups contact Dave","Lenovo 100e Gen 3 AMD Chromebook LCD Panel NEW Replacement Laptop LCD LED Screen Display Monitor",50,,"Lenovo 11 100e Gen 3 (AMD) Chromebook LCD Panel - NEW Replacement Laptop LCD LED Screen Display Monitor"
438714,New,"(#1073) Non-Cataloged Items waiting for groups contact Dave","Lenovo X131E Chromebook LCD Panel Replacement Laptop LCD LED Screen Display Monitor",64.99,,"Lenovo 11 X131E Chromebook LCD Panel Replacement Laptop LCD LED Screen Display Monitor"
438715,New,"(#1073) Non-Cataloged Items waiting for groups contact Dave","Lenovo N23 Chromebook LCD Panel NEW Replacement Laptop LCD LED Screen Display Monitor",50,,"Lenovo 11 N23 Chromebook LCD Panel - NEW Replacement Laptop LCD LED Screen Display Monitor"
438716,New,"(#1073) Non-Cataloged Items waiting for groups contact Dave","Lenovo 100e Gen 2 Intel Chromebook LCD Panel Replacement Laptop LCD LED Screen Display Monitor",50,,"Lenovo 11 100e Gen 2 (Intel) Chromebook LCD Panel - GRADE A Replacement Laptop LCD LED Screen Display Monitor"
438717,New,"(#1073) Non-Cataloged Items waiting for groups contact Dave","Lenovo 300e Chromebook LCD Touch Screen Digitizer Module Replacement Laptop LCD LED Screen Display Monitor",74.99,,"Lenovo 11 300e Chromebook LCD Touchscreen Digitizer Module Replacement Laptop LCD LED Screen Display Monitor"
438718,New,"(#1073) Non-Cataloged Items waiting for groups contact Dave","Lenovo 100S Chromebook LCD Panel NEW Replacement Laptop LCD LED Screen Display Monitor",50,,"Lenovo 11 100S Chromebook LCD Panel - NEW Replacement Laptop LCD LED Screen Display Monitor"
438719,New,"(#1073) Non-Cataloged Items waiting for groups contact Dave","Lenovo 100e Gen 3 AMD Chromebook LCD Panel Replacement Laptop LCD LED Screen Display Monitor",50,,"Lenovo 11 100e Gen 3 (AMD) Chromebook LCD Panel - GRADE A Replacement Laptop LCD LED Screen Display Monitor"
438720,New,"(#1073) Non-Cataloged Items waiting for groups contact Dave","Lenovo N23 Yoga Chromebook LCD Assembly Replacement Laptop LCD LED Screen Display Monitor",199.99,,"Lenovo 11 N23 Yoga Chromebook LCD Assembly Replacement Laptop LCD LED Screen Display Monitor"
438721,New,"(#1073) Non-Cataloged Items waiting for groups contact Dave","Lenovo 300e Gen 2 MediaTek Chromebook LCD Touch Screen Digitizer Module Replacement Laptop LCD LED Screen Display Monitor",115.99,,"Lenovo 11 300e Gen 2 (MediaTek) Chromebook LCD Touchscreen Digitizer Module Replacement Laptop LCD LED Screen Display Monitor"
438722,New,"(#1073) Non-Cataloged Items waiting for groups contact Dave","Lenovo 11e 4th Gen 20J0 Chromebook LCD Panel NEW Replacement Laptop LCD LED Screen Display Monitor",50,,"Lenovo 11e 4th Gen (20J0) Chromebook LCD Panel - NEW Replacement Laptop LCD LED Screen Display Monitor"
,Discard,,"Lenovo 14e (81MH) Touch LCD Panel - PULL Replacement Laptop LCD LED Screen Display Monitor",102.99,,Pull
438723,New,"(#1073) Non-Cataloged Items waiting for groups contact Dave","Lenovo N22 Chromebook LCD Assembly Touch-Version Replacement Laptop LCD LED Screen Display Monitor",149.99,,"Lenovo 11 N22 Chromebook LCD Assembly, Touch-Version Replacement Laptop LCD LED Screen Display Monitor"
438724,New,"(#1073) Non-Cataloged Items waiting for groups contact Dave","Lenovo 300e Gen 2 Intel Chromebook LCD Touch Screen Digitizer Module Stylus 81MB0067US only Replacement Laptop LCD LED Screen Display Monitor",140.99,,"Lenovo 11 300e Gen 2 (Intel) Chromebook LCD Touchscreen Digitizer Module (Stylus Compatible, 81MB0067US only) Replacement Laptop LCD LED Screen Display Monitor"
438725,New,"(#1073) Non-Cataloged Items waiting for groups contact Dave","Lenovo 100E Chromebook LCD Panel NEW Replacement Laptop LCD LED Screen Display Monitor",50,,"Lenovo 11 100E Chromebook LCD Panel - NEW Replacement Laptop LCD LED Screen Display Monitor"
438726,New,"(#1073) Non-Cataloged Items waiting for groups contact Dave","Lenovo 300e Gen 3 AMD Chromebook LCD Touch Screen Digitizer Module Replacement Laptop LCD LED Screen Display Monitor",174.99,,"Lenovo 11 300e Gen 3 (AMD) Chromebook LCD Touchscreen Digitizer Module Replacement Laptop LCD LED Screen Display Monitor"
438727,New,"(#1073) Non-Cataloged Items waiting for groups contact Dave","Lenovo 100e Gen 2 AMD Chromebook LCD Panel NEW Replacement Laptop LCD LED Screen Display Monitor",50,,"Lenovo 11 100e Gen 2 (AMD) Chromebook LCD Panel - NEW Replacement Laptop LCD LED Screen Display Monitor"
,Discard,,"Lenovo 14 N42 Touch LCD Panel - PULL Replacement Laptop LCD LED Screen Display Monitor",104.99,,Pull
438728,New,"(#1073) Non-Cataloged Items waiting for groups contact Dave","Lenovo N23 Chromebook LCD Assembly Touch-Version Replacement Laptop LCD LED Screen Display Monitor",119.99,,"Lenovo 11 N23 Chromebook LCD Assembly, Touch-Version Replacement Laptop LCD LED Screen Display Monitor"
438729,New,"(#1073) Non-Cataloged Items waiting for groups contact Dave","Lenovo N23 Yoga Chromebook LCD Touch Screen Digitizer Module Replacement Laptop LCD LED Screen Display Monitor",99.99,,"Lenovo 11 N23 Yoga Chromebook LCD Touchscreen Digitizer Module Replacement Laptop LCD LED Screen Display Monitor"
438730,New,"(#1073) Non-Cataloged Items waiting for groups contact Dave","Lenovo 100e Gen 2 Chromebook LCD Panel NEW Replacement Laptop LCD LED Screen Display Monitor",50,,"Lenovo 11 100e Gen 2 Chromebook LCD Panel - NEW Replacement Laptop LCD LED Screen Display Monitor"
438731,New,"(#1073) Non-Cataloged Items waiting for groups contact Dave","Lenovo 14 N42 Touch LCD Panel NEW Replacement Laptop LCD LED Screen Display Monitor",129.99,,"Lenovo 14 N42 Touch LCD Panel - NEW Replacement Laptop LCD LED Screen Display Monitor"
,"Dup title",,"Lenovo 14 N42 Chromebook LCD Assembly, Non-Touch Version Replacement Laptop LCD LED Screen Display Monitor",119.99,,"Line 219"
,"Dup title",,"Lenovo 14 N42 Non-Touch LCD Panel - NEW Replacement Laptop LCD LED Screen Display Monitor",50,,"Line 220"
,"Dup title",,"Lenovo 11 100e Gen 3 (AMD) Chromebook LCD Panel - NEW Replacement Laptop LCD LED Screen Display Monitor",50,,"Line 221"
,"Dup title",,"Lenovo 11 X131E Chromebook LCD Panel Replacement Laptop LCD LED Screen Display Monitor",64.99,,"Line 222"
438732,New,"(#1073) Non-Cataloged Items waiting for groups contact Dave","Lenovo 11e 4th Gen 20J0 Chromebook LCD Assembly Replacement Laptop LCD LED Screen Display Monitor",119.99,,"Lenovo 11e 4th Gen (20J0) Chromebook LCD Assembly Replacement Laptop LCD LED Screen Display Monitor"
,"Dup title",,"Lenovo 11 300e Gen 2 (MediaTek) Chromebook LCD Touchscreen Digitizer Module Replacement Laptop LCD LED Screen Display Monitor",115.99,,"Line 229"
,"Dup title",,"Lenovo 11e 4th Gen (20J0) Chromebook LCD Panel - NEW Replacement Laptop LCD LED Screen Display Monitor",50,,"Line 230"
,"Dup title",,"Lenovo 14e (81MH) Touch LCD Panel - PULL Replacement Laptop LCD LED Screen Display Monitor",102.99,,"Line 231"
,"Dup title",,"Lenovo 11 N22 Chromebook LCD Assembly, Touch-Version Replacement Laptop LCD LED Screen Display Monitor",149.99,,"Line 232"
,"Dup title",,"Lenovo 11 300e Gen 2 (Intel) Chromebook LCD Touchscreen Digitizer Module (Stylus Compatible, 81MB0067US only) Replacement Laptop LCD LED Screen Display Monitor",140.99,,"Line 233"
,"Dup title",,"Lenovo 11 100E Chromebook LCD Panel - NEW Replacement Laptop LCD LED Screen Display Monitor",50,,"Line 234"
438733,New,"(#1073) Non-Cataloged Items waiting for groups contact Dave","Lenovo 14e 81MH Touch LCD Panel NEW Replacement Laptop LCD LED Screen Display Monitor",98.99,,"Lenovo 14e (81MH) Touch LCD Panel - NEW Replacement Laptop LCD LED Screen Display Monitor"
438734,New,"(#1073) Non-Cataloged Items waiting for groups contact Dave","Lenovo N23 Chromebook LCD Assembly Non Touch Version Replacement Laptop LCD LED Screen Display Monitor",89.99,,"Lenovo 11 N23 Chromebook LCD Assembly, Non-Touch Version Replacement Laptop LCD LED Screen Display Monitor"
438735,New,"(#1073) Non-Cataloged Items waiting for groups contact Dave","Lenovo 300e Gen 3 AMD Chromebook LCD Touch Screen Digitizer Module Stylus Replacement Laptop LCD LED Screen Display Monitor",174.99,,"Lenovo 11 300e Gen 3 (AMD) Chromebook LCD Touchscreen Digitizer Module (Stylus Compatible) Replacement Laptop LCD LED Screen Display Monitor"
438736,New,"(#1073) Non-Cataloged Items waiting for groups contact Dave","Lenovo 11e 1st Gen 20DB Chromebook LCD Panel NEW Replacement Laptop LCD LED Screen Display Monitor",50,,"Lenovo 11e 1st Gen (20DB) Chromebook LCD Panel - NEW Replacement Laptop LCD LED Screen Display Monitor"
438737,New,"(#1073) Non-Cataloged Items waiting for groups contact Dave","Lenovo 14e 81MH Non Touch LCD Panel- NEW Replacement Laptop LCD LED Screen Display Monitor",129.99,,"Lenovo 14e (81MH) Non-Touch LCD Panel- NEW Replacement Laptop LCD LED Screen Display Monitor"
438738,New,"(#1073) Non-Cataloged Items waiting for groups contact Dave","Lenovo Yoga 11e 3rd Gen 20GE Chromebook LCD Assembly Replacement Laptop LCD LED Screen Display Monitor",249.99,,"Lenovo Yoga 11e 3rd Gen (20GE) Chromebook LCD Assembly Replacement Laptop LCD LED Screen Display Monitor"
438739,New,"(#1073) Non-Cataloged Items waiting for groups contact Dave","Lenovo 10 10e Tablet Chromebook LCD Touch Screen Digitizer Module Replacement Laptop LCD LED Screen Display Monitor",85.99,,"Lenovo 10 10e Tablet Chromebook LCD Touchscreen Digitizer Module Replacement Laptop LCD LED Screen Display Monitor"
,"Dup title",,"Lenovo 11 N23 Chromebook LCD Panel - NEW Replacement Laptop LCD LED Screen Display Monitor",50,,"Line 223"
,"Dup title",,"Lenovo 11 100e Gen 2 (Intel) Chromebook LCD Panel - GRADE A Replacement Laptop LCD LED Screen Display Monitor",50,,"Line 224"
,"Dup title",,"Lenovo 11 300e Chromebook LCD Touchscreen Digitizer Module Replacement Laptop LCD LED Screen Display Monitor",74.99,,"Line 225"
,"Dup title",,"Lenovo 11 100S Chromebook LCD Panel - NEW Replacement Laptop LCD LED Screen Display Monitor",50,,"Line 226"
,"Dup title",,"Lenovo 11 100e Gen 3 (AMD) Chromebook LCD Panel - GRADE A Replacement Laptop LCD LED Screen Display Monitor",50,,"Line 227"
,"Dup title",,"Lenovo 11 N23 Yoga Chromebook LCD Assembly Replacement Laptop LCD LED Screen Display Monitor",199.99,,"Line 228"
,"Dup title",,"Lenovo 11 300e Gen 2 (MediaTek) Chromebook LCD Touchscreen Digitizer Module Replacement Laptop LCD LED Screen Display Monitor",115.99,,"Line 229"
,"Dup title",,"Lenovo 11e 4th Gen (20J0) Chromebook LCD Panel - NEW Replacement Laptop LCD LED Screen Display Monitor",50,,"Line 230"
,"Dup title",,"Lenovo 14e (81MH) Touch LCD Panel - PULL Replacement Laptop LCD LED Screen Display Monitor",102.99,,"Line 231"
,"Dup title",,"Lenovo 11 N22 Chromebook LCD Assembly, Touch-Version Replacement Laptop LCD LED Screen Display Monitor",149.99,,"Line 232"
,"Dup title",,"Lenovo 11 300e Gen 2 (Intel) Chromebook LCD Touchscreen Digitizer Module (Stylus Compatible, 81MB0067US only) Replacement Laptop LCD LED Screen Display Monitor",140.99,,"Line 233"
438740,New,"(#1073) Non-Cataloged Items waiting for groups contact Dave","Lenovo N21 Chromebook LCD Panel NEW Replacement Laptop LCD LED Screen Display Monitor",50,,"Lenovo 11 N21 Chromebook LCD Panel - NEW Replacement Laptop LCD LED Screen Display Monitor"
438741,New,"(#1073) Non-Cataloged Items waiting for groups contact Dave","Lenovo 100e Gen 2 AMD Chromebook LCD Panel Replacement Laptop LCD LED Screen Display Monitor",50,,"Lenovo 11 100e Gen 2 (AMD) Chromebook LCD Panel - GRADE A Replacement Laptop LCD LED Screen Display Monitor"
438742,New,"(#1073) Non-Cataloged Items waiting for groups contact Dave","Samsung 12 XE525QBB Chromebook LCD Touch Screen Digitizer Module Replacement Laptop LCD LED Screen Display Monitor",149.99,,"Samsung 12 XE525QBB Chromebook LCD Touchscreen Digitizer Module Replacement Laptop LCD LED Screen Display Monitor"
438743,New,"(#1073) Non-Cataloged Items waiting for groups contact Dave","Samsung 15 XE350XBA Chromebook LCD Panel Replacement Laptop LCD LED Screen Display Monitor",58.99,,
438744,New,"(#1073) Non-Cataloged Items waiting for groups contact Dave","Samsung XE500C12 Chromebook LCD Panel Replacement Laptop LCD LED Screen Display Monitor",50,,"Samsung 11 XE500C12 Chromebook LCD Panel - GRADE A Replacement Laptop LCD LED Screen Display Monitor"
438745,New,"(#1073) Non-Cataloged Items waiting for groups contact Dave","Samsung XE501C13 Chromebook LCD Panel Replacement Laptop LCD LED Screen Display Monitor",50,,"Samsung 11 XE501C13 Chromebook LCD Panel - GRADE A Replacement Laptop LCD LED Screen Display Monitor"
438746,New,"(#1073) Non-Cataloged Items waiting for groups contact Dave","Samsung XE310XBA Chromebook LCD Panel Replacement Laptop LCD LED Screen Display Monitor",50,,"Samsung 11 XE310XBA Chromebook LCD Panel - GRADE A Replacement Laptop LCD LED Screen Display Monitor"
438747,New,"(#1073) Non-Cataloged Items waiting for groups contact Dave","Samsung XE303C12 Chromebook LCD Panel Replacement Laptop LCD LED Screen Display Monitor",64.99,,"Samsung 11 XE303C12 Chromebook LCD Panel Replacement Laptop LCD LED Screen Display Monitor"
438748,New,"(#1073) Non-Cataloged Items waiting for groups contact Dave","Samsung XE503C12 Chromebook LCD Panel Replacement Laptop LCD LED Screen Display Monitor",64.99,,"Samsung 11 XE503C12 Chromebook LCD Panel Replacement Laptop LCD LED Screen Display Monitor"
438749,New,"(#1073) Non-Cataloged Items waiting for groups contact Dave","Samsung XE500C12 Chromebook LCD Assembly Replacement Laptop LCD LED Screen Display Monitor",99.99,,"Samsung 11 XE500C12 Chromebook LCD Assembly Replacement Laptop LCD LED Screen Display Monitor"
438750,New,"(#1073) Non-Cataloged Items waiting for groups contact Dave","Samsung XE303C12 Chromebook LCD Assembly Replacement Laptop LCD LED Screen Display Monitor",89.99,,"Samsung 11 XE303C12 Chromebook LCD Assembly Replacement Laptop LCD LED Screen Display Monitor"
438751,New,"(#1073) Non-Cataloged Items waiting for groups contact Dave","Samsung XE503C12 Chromebook LCD Assembly Black Replacement Laptop LCD LED Screen Display Monitor",119.99,,"Samsung 11 XE503C12 Chromebook LCD Assembly, Black Replacement Laptop LCD LED Screen Display Monitor"
438752,New,"(#1073) Non-Cataloged Items waiting for groups contact Dave","Samsung XE500C13 Chromebook LCD Assembly Replacement Laptop LCD LED Screen Display Monitor",79.99,,"Samsung 11 XE500C13 Chromebook LCD Assembly Replacement Laptop LCD LED Screen Display Monitor"
438753,New,"(#1073) Non-Cataloged Items waiting for groups contact Dave","Samsung XE500C13 Chromebook LCD Panel NEW Replacement Laptop LCD LED Screen Display Monitor",50,,"Samsung 11 XE500C13 Chromebook LCD Panel - NEW Replacement Laptop LCD LED Screen Display Monitor"
,"Dup title",,"Samsung 11 XE500C13 Chromebook LCD Panel - NEW Replacement Laptop LCD LED Screen Display Monitor",50,,"Line 284"
438754,New,"(#1073) Non-Cataloged Items waiting for groups contact Dave","Samsung XE500C12 Chromebook LCD Panel NEW Replacement Laptop LCD LED Screen Display Monitor",50,,"Samsung 11 XE500C12 Chromebook LCD Panel - NEW Replacement Laptop LCD LED Screen Display Monitor"
438755,New,"(#1073) Non-Cataloged Items waiting for groups contact Dave","Samsung XE501C13 Chromebook LCD Panel NEW Replacement Laptop LCD LED Screen Display Monitor",50,,"Samsung 11 XE501C13 Chromebook LCD Panel - NEW Replacement Laptop LCD LED Screen Display Monitor"
438756,New,"(#1073) Non-Cataloged Items waiting for groups contact Dave","Samsung XE310XBA Chromebook LCD Panel NEW Replacement Laptop LCD LED Screen Display Monitor",50,,"Samsung 11 XE310XBA Chromebook LCD Panel - NEW Replacement Laptop LCD LED Screen Display Monitor"
438757,New,"(#1073) Non-Cataloged Items waiting for groups contact Dave","Toshiba 13 CB35-B3340 Chromebook LCD Assembly Replacement Laptop LCD LED Screen Display Monitor",149.99,,
438758,New,"(#1073) Non-Cataloged Items waiting for groups contact Dave","CTL J41 Chromebook LCD Panel NEW Replacement Laptop LCD LED Screen Display Monitor",50,,"CTL 11 J41 Chromebook LCD Panel - NEW Replacement Laptop LCD LED Screen Display Monitor"
438759,New,"(#1073) Non-Cataloged Items waiting for groups contact Dave","CTL NL7 Chromebook LCD Panel NEW Replacement Laptop LCD LED Screen Display Monitor",50,,"CTL 11 NL7 Chromebook LCD Panel - NEW Replacement Laptop LCD LED Screen Display Monitor"
438760,New,"(#1073) Non-Cataloged Items waiting for groups contact Dave","CTL J2 Chromebook LCD Panel NEW Replacement Laptop LCD LED Screen Display Monitor",50,,"CTL 11 J2 Chromebook LCD Panel - NEW Replacement Laptop LCD LED Screen Display Monitor"
438761,New,"(#1073) Non-Cataloged Items waiting for groups contact Dave","CTL J41 Chromebook LCD Panel Replacement Laptop LCD LED Screen Display Monitor",50,,"CTL 11 J41 Chromebook LCD Panel - GRADE A Replacement Laptop LCD LED Screen Display Monitor"
438762,New,"(#1073) Non-Cataloged Items waiting for groups contact Dave","CTL NL7 Chromebook LCD Panel Replacement Laptop LCD LED Screen Display Monitor",50,,"CTL 11 NL7 Chromebook LCD Panel - GRADE A Replacement Laptop LCD LED Screen Display Monitor"
438763,New,"(#1073) Non-Cataloged Items waiting for groups contact Dave","CTL J2 Chromebook LCD Panel Replacement Laptop LCD LED Screen Display Monitor",50,,"CTL 11 J2 Chromebook LCD Panel - GRADE A Replacement Laptop LCD LED Screen Display Monitor"
