Title_1,Title_2,Part_1,Part_2,Part_3,Model_1,Desc_1,Model_2,Price
"New Screen for HP EliteBook 640 G10, 645 G10 N00079-001 N00080-001 N00083-001 N42803-001 N42802-001",Replacement Laptop LCD LED Screen Display Monitor,,,,"EliteBook 640 G10
EliteBook 645 G10
EliteBook 640 G9
EliteBook 645 G9",,,159.99
"New 16"" 1920×1200 Screen for Lenovo 5D11C95899 5D11C95900 5D11C95901",Replacement Laptop LCD LED Screen Display Monitor,5D11C95901,"5D11C95899
5D11C95900",,"ThinkPad P16 Gen 1
ThinkPad P16 Gen 2",,,179.99
New Screen for MSI Prestige 13EVO A12M A13M A12M-070US A13M-050US A13M-074US A12M-012AU A13M-096CA,Replacement Laptop LCD LED Screen Display Monitor,,,,"Prestige 13EVO A12M
Prestige 13EVO A12M-009ES
Prestige 13EVO A12M-012AU
Prestige 13EVO A12M-064TH
Prestige 13EVO A12M-070US
Prestige 13EVO A12M-079JP
Prestige 13EVO A13M
Prestige 13EVO A13M-026AU
Prestige 13EVO A13M-028AU
Prestige 13EVO A13M-036FR
Prestige 13EVO A13M-037FR
Prestige 13EVO A13M-038UK
Prestige 13EVO A13M-050US
Prestige 13EVO A13M-059NL
Prestige 13EVO A13M-060BE
Prestige 13EVO A13M-063IN
Prestige 13EVO A13M-068ES
Prestige 13EVO A13M-074US
Prestige 13EVO A13M-081VN
Prestige 13EVO A13M-096CA
and all Prestige 13EVO series",,,149.99
New 144Hz Screen for MSI Cyborg 15 A12UC A12UCX A12UDX A12VE A12VF A13UC A13UCX A13UDX A13VE A13VF A1VEK A1VFK,Replacement Laptop LCD LED Screen Display Monitor,,,,"Cyborg 15 A12UC
Cyborg 15 A12UCX
Cyborg 15 A12UCX-276US
Cyborg 15 A12UCX-281VN
Cyborg 15 A12UDX
Cyborg 15 A12UDX-019TW
Cyborg 15 A12UDX-247CA
Cyborg 15 A12VE
Cyborg 15 A12VE-015TW
Cyborg 15 A12VE-016XPL
Cyborg 15 A12VE-017XPL
Cyborg 15 A12VE-046US
Cyborg 15 A12VE-054TW
Cyborg 15 A12VE-056CA
Cyborg 15 A12VE-057PL
Cyborg 15 A12VE-059XIT
Cyborg 15 A12VE-081CZ
Cyborg 15 A12VE-203ZA
Cyborg 15 A12VE-214CZ
Cyborg 15 A12VE-240VN
Cyborg 15 A12VF
Cyborg 15 A12VF-003NL
Cyborg 15 A12VF-006NL
Cyborg 15 A12VF-007BE
Cyborg 15 A12VF-010TH
Cyborg 15 A12VF-013TH
Cyborg 15 A12VF-021SG
Cyborg 15 A12VF-022NEU
Cyborg 15 A12VF-025UK
Cyborg 15 A12VF-028UK
Cyborg 15 A12VF-040DE
Cyborg 15 A12VF-043US
Cyborg 15 A12VF-045MY
Cyborg 15 A12VF-052NZ
Cyborg 15 A12VF-055CA
Cyborg 15 A12VF-085ZA
Cyborg 15 A12VF-088FR
Cyborg 15 A12VF-215US
Cyborg 15 A12VF-272US
Cyborg 15 A13UC
Cyborg 15 A13UCX
Cyborg 15 A13UDX
Cyborg 15 A13UDX-210TW
Cyborg 15 A13VE
Cyborg 15 A13VE-007FR
Cyborg 15 A13VE-022MY
Cyborg 15 A13VE-040MY
Cyborg 15 A13VE-218US
Cyborg 15 A13VF
Cyborg 15 AI A1VEK
Cyborg 15 AI A1VFK
and all Cyborg 15 series",,,129.99
New 144Hz 240Hz Screen for MSI Vector GP68HX 12VH 12VI 13VF 13VG 13VH 12VH-006 12VH-045 13VH-054US 13VH-098US 13VH-256US,Replacement Laptop LCD LED Screen Display Monitor,,,,"16"" 1920×1200 IPS 144Hz 45% NTSC Anti-Glare, fit below models
Vector GP68HX 12VH-001UK
Vector GP68HX 12VH-002UK
Vector GP68HX 12VH-006
Vector GP68HX 12VH-007FR
Vector GP68HX 12VH-012CA
Vector GP68HX 12VH-016
Vector GP68HX 12VH-026PL
Vector GP68HX 12VH-028AU
Vector GP68HX 12VH-036IT
Vector GP68HX 12VH-048SG
Vector GP68HX 12VH-050FR
Vector GP68HX 12VH-058IT
Vector GP68HX 12VI-062TAA
Vector GP68HX 13VH-054US
Vector GP68HX 13VH-075FR
Vector GP68HX 13VH-085UK
Vector GP68HX 13VH-086UK
Vector GP68HX 13VH-094SG
Vector GP68HX 13VH-098US
Vector GP68HX 13VH-206IT
Vector GP68HX 13VH-212IT
Vector GP68HX 13VH-220IT
Vector GP68HX 13VH-225FR
Vector GP68HX 13VH-242AU
Vector GP68HX 13VH-245FR
Vector GP68HX 13VH-246IT
Vector GP68HX 13VH-251IT
Vector GP68HX 13VH-256US
Vector GP68HX 13VH-269PH
Vector GP68HX 13VI-248IT
and more model with 1920×1200 144Hz screen",,,199.99
New Screen for MSI Stealth 16Studio A13VE A13VF A13VG,Replacement Laptop LCD LED Screen Display Monitor,,,,"Stealth 16Studio A13VE
Stealth 16Studio A13VE-040US
Stealth 16Studio A13VE-208AU
Stealth 16Studio A13VF
Stealth 16Studio A13VF-006FR
Stealth 16Studio A13VF-007FR
Stealth 16Studio A13VF-011UK
Stealth 16Studio A13VF-015NL
Stealth 16Studio A13VF-017BE
Stealth 16Studio A13VF-039US
Stealth 16Studio A13VF-050SG
Stealth 16Studio A13VF-052CA
Stealth 16Studio A13VF-068FR
Stealth 16Studio A13VG
Stealth 16Studio A13VG-014NL
Stealth 16Studio A13VG-016BE
Stealth 16Studio A13VG-056US
Stealth 16Studio A13VG-060AU
Stealth 16Studio A13VG-069IT
Stealth 16Studio A13VG-201US
Stealth 16Studio A13VG-204US
Stealth 16Studio A13VG-208US
and all Stealth 16Studio series",,,199.99
New 120Hz 144Hz Screen for MSI Stealth 15 A13VE A13VF,Replacement Laptop LCD LED Screen Display Monitor,,,,"Stealth 15 A13VE
Stealth 15 A13VE-007FR
Stealth 15 A13VE-008FR
Stealth 15 A13VE-009NL
Stealth 15 A13VE-010BE
Stealth 15 A13VE-022MY
Stealth 15 A13VE-029XES
Stealth 15 A13VE-030NZ
Stealth 15 A13VE-031IT
Stealth 15 A13VE-040MY
Stealth 15 A13VE-044AU
Stealth 15 A13VE-769JP
Stealth 15 A13VF
Stealth 15 A13VF-006FR
Stealth 15 A13VF-012US
Stealth 15 A13VF-019XES
Stealth 15 A13VF-021UK
Stealth 15 A13VF-024NL
Stealth 15 A13VF-025BE
Stealth 15 A13VF-028XES
Stealth 15 A13VF-036FR
Stealth 15 A13VF-038US
and all Stealth 15 series",,,199.99
New 165Hz 240Hz Screen for MSI Stealth 14Studio A13UDX A13VE A13VF A13VG,Replacement Laptop LCD LED Screen Display Monitor,,,,"Stealth 14Studio A13UDX
Stealth 14Studio A13VE
Stealth 14Studio A13VF
Stealth 14Studio A13VG
Stealth 14Studio A13VE-008UK
Stealth 14Studio A13VE-011FR
Stealth 14Studio A13VE-014FR
Stealth 14Studio A13VE-052XES
Stealth 14Studio A13VE-056FR
Stealth 14Studio A13VE-202US
Stealth 14Studio A13VF-010BE
Stealth 14Studio A13VF-022SG
Stealth 14Studio A13VF-030IT
Stealth 14Studio A13VF-032AU
Stealth 14Studio A13VF-041US
Stealth 14Studio A13VF-049XES
Stealth 14Studio A13VF-050ES
Stealth 14Studio A13VF-053CA
Stealth 14Studio A13VF-059AU
Stealth 14Studio A13VF-064US
Stealth 14Studio A13VG-003FR
Stealth 14Studio A13VG-004FR
Stealth 14Studio A13VG-031IT
Stealth 14Studio A13VG-039PL
Stealth 14Studio A13VG-047XES
and all Stealth 14Studio series",,,189.99
New Screen for MSI Raider GE68HX 13VF 13VG 13VH 13VI,Replacement Laptop LCD LED Screen Display Monitor,,,,,,,259.99
New 240Hz 360Hz Screen for MSI Pulse 15 B13VGK B13VFK,Replacement Laptop LCD LED Screen Display Monitor,,,,,,,199.99
New 144Hz Screen for MSI Katana 15 B12UCXK B12UDXK B12VEK B12VFK B12VGK B13UDXK B13VEK B13VFK B13VGK,Replacement Laptop LCD LED Screen Display Monitor,,,,"Katana 15 B12UCXK
Katana 15 B12UDXK
Katana 15 B12VEK
Katana 15 B12VFK
Katana 15 B12VGK
Katana 15 B13UDXK
Katana 15 B13VEK
Katana 15 B13VFK
Katana 15 B13VGK",,,129.99
New Non-Touch Screen for Lenovo 5M11D12294 5M11D12295 5M11D12293 5M11D12292 5M11D12263 5M11D12264 X1 Nano Gen 2,Replacement Laptop LCD LED Screen Display Monitor,,,,,,,169.99
"New 14"" WQXGA+ Screen for Lenovo 5D11K83637",Replacement Laptop LCD LED Screen Display Monitor,5D11K83637,,,"IdeaPad Pro 5 14APH8
IdeaPad Pro 5 14ARP8
IdeaPad Pro 5 14IRH8
Yoga Slim 6 14IAP8
Yoga Slim 6 14IRP8
Yoga Slim 7 Pro 14ARH7
Yoga Slim 7 Pro 14IAH7",,,149.99
"New 16"" WQXGA 240Hz Screen for Lenovo 5D11J38192 5D11J38182 5D11J38194",Replacement Laptop LCD LED Screen Display Monitor,"5D11J38192
5D11J38182
5D11J38194",,,"Legion 5 Pro 16ARH7H
Legion 5 Pro 16IAH7H
Legion 7 16ARHA7
Legion 7 16IAX7
Legion S7 16ARHA7
Legion S7 16IAH7",,,269.99
"New 16"" WUXGA 165Hz Screen for Lenovo 5D11H29626 5D11H29628 5D11H29636",Replacement Laptop LCD LED Screen Display Monitor,"5D11H29626
5D11H29628
5D11H29636",,,"Legion 5 Pro 16ARH7
Legion 5 Pro 16ARH7H
Legion 5 Pro 16IAH7
Legion 5 Pro 16IAH7H
Legion S7 16ARHA7
Legion S7 16IAH7",,,199.99
"New 16"" WQXGA 165Hz Screen for Lenovo 5D11H29621 5D11H29622 500nits",Replacement Laptop LCD LED Screen Display Monitor,"5D11H29621
5D11H29622",,,"Legion 5 Pro 16ARH7
Legion 5 Pro 16ARH7H
Legion 7 16ARHA7
Legion S7 16ARHA7",,,199.99
New Screen for Lenovo Yoga Slim 6 14APU8 14IAP8 14IRH8 14IRP8,Replacement Laptop LCD LED Screen Display Monitor,,,,,,,169.99
"New 14"" WQXGA+ Screen for Lenovo 5D11J16584 5D11J17490 400nits",Replacement Laptop LCD LED Screen Display Monitor,"5D11J16584
5D11J17490",,,"IdeaPad Pro 5 14APH8
IdeaPad Pro 5 14ARP8
IdeaPad Pro 5 14IRH8
Yoga Slim 6 14IAP8
Yoga Slim 6 14IAP8
Yoga Slim 7 Pro 14ARH7
Yoga Slim 7 Pro 14IAH7",,,169.99
New Screen for Lenovo 5D11B36353 5D11B36354 5D11B36357 5D11C99358 5D11D08013 5D11D69629 5D11D96482 5D11D96861 5D11J12408,Replacement Laptop LCD LED Screen Display Monitor,"5D11B36353
5D11B36354
5D11B36357
5D11C99358
5D11D08013
5D11D69629
5D11D96482
5D11D96861
5D11J12408",,,"IdeaPad Gaming 3 15ARH7
IdeaPad Gaming 3 15IAH7
Ideapad Gaming 3-15ACH6
IdeaPad Gaming 3-15IHU6
Legion 5 15ACH6
Legion 5 15ACH6A
Legion 5 15ARH7
Legion 5 15ARH7H
Legion 5 15IAH7
Legion 5 15IAH7H
Legion 5 15IMH6
Legion 5 15ITH6
Legion 5 15ITH6H
Legion S7 15ACH6",,,159.99
"New 15.6"" WQHD 165Hz Screen for Lenovo 5D11D04810 5D11D04807 5D11D04809",Replacement Laptop LCD LED Screen Display Monitor,"5D11D04810
5D11D04807
5D11D04809",,,"IdeaPad Gaming 3 15ARH7
IdeaPad Gaming 3 15IAH7
Legion 5 15ACH6
Legion 5 15ACH6A
Legion 5 15ARH7
Legion 5 15ARH7H
Legion 5 15IAH7
Legion 5 15IAH7H
Legion 5 15ITH6
Legion 5 15ITH6H
LOQ 15APH8
LOQ 15IRH8",,,169.99
"New 14"" FHD Screen for Lenovo 5D10W69523 5D10W69926 5D10W69935 5D11B60376 5D11B64084",Replacement Laptop LCD LED Screen Display Monitor,5D10W69935,"5D10W69523
5D10W69926
5D11B60376
5D11B64084",,"ThinkPad E14 Gen 2
ThinkPad E14 Gen 3
ThinkPad E14 Gen 4
IdeaPad 5 14ABA7
IdeaPad 5 14IAL7
IdeaPad 5-14ALC05
IdeaPad 5-14ARE05
IdeaPad 5-14IIL05
IdeaPad 5-14ITL05
Yoga Slim 7-14ARE05
Yoga Slim 7-14IIL05
Yoga Slim 7-14ITL05",,,119.99
"New 16"" WUXGA Screen for Lenovo 5D10V82449 5D10V82450 B160UAN01.K 400nits",Replacement Laptop LCD LED Screen Display Monitor,5D10V82449,5D10V82450,,"ThinkPad P16s Gen 2
ThinkPad T16 Gen 2",,,199.99
"New 14"" WUXGA Screen for Lenovo 5D10V82397 5D10V82398 LP140WU2-SPD1 M140NW4D R4",Replacement Laptop LCD LED Screen Display Monitor,"5D10V82397
5D10V82398",,,"ThinkPad E14 Gen 5
ThinkPad P14s Gen 3
ThinkPad P14s Gen 4
ThinkPad T14 Gen 3
ThinkPad T14 Gen 4
ThinkPad T14s Gen 3
ThinkPad T14s Gen 4",,,139.99
"New 14"" WUXGA+ Screen for Lenovo 5D11G99892 5D11B43177 5D11F27016 5D11B43178 5D11B43181",Replacement Laptop LCD LED Screen Display Monitor,"5D11G99892
5D11B43177
5D11F27016
5D11B43178
5D11B43181",,,"ThinkPad E14 Gen 5
ThinkPad P14s Gen 3
ThinkPad P14s Gen 4
ThinkPad T14 Gen 3
ThinkPad T14 Gen 4
ThinkPad T14s Gen 3
ThinkPad T14s Gen 4",,,139.99
New Non-Touch Screen for Lenovo Yoga Slim 7 Carbon 13IAP7 13IRP8 5D11G76214 5D11G76218,Replacement Laptop LCD LED Screen Display Monitor,5D11G76214,5D11G76218,,,,,179.99
New Non-Touch Screen for Lenovo Yoga Slim 7 Pro 14ARH7 14IAH7 14IAP7,Replacement Laptop LCD LED Screen Display Monitor,,,,,,,169.99
"New 14"" Screen for Lenovo 5D11D19217 5D11F28183 5D10Z52004 5D10Z52006",Replacement Laptop LCD LED Screen Display Monitor,"5D11F28183
5D10Z52004
5D10Z52006
5D11D19217",,,"IdeaPad 5 Pro 14ARH7
IdeaPad 5 Pro 14IAP7
IdeaPad 5 Pro-14ACN6
IdeaPad 5 Pro-14ITL6
Yoga Slim 7 Pro 14ARH7
Yoga Slim 7 Pro 14IAH7
Yoga Slim 7 Pro 14IAP7
Yoga Slim 7 Pro-14ACH5
Yoga Slim 7 Pro-14IHU5",,,169.99
"New 14"" Screen for Lenovo 5D10Z52008 5D10Z52010 5D11B38979",Replacement Laptop LCD LED Screen Display Monitor,5D10Z52008,"5D10Z52010
5D11B38979",,"IdeaPad 5 Pro 14ARH7
IdeaPad 5 Pro 14IAP7
ideapad 5 Pro-14ACN6
ideapad 5 Pro-14ITL6
IdeaPad Pro 5 14APH8
IdeaPad Pro 5 14IRH8
Yoga Slim 6 14IAP8
Yoga Slim 6 14IRP8
Yoga Slim 7 Pro 14ARH7
Yoga Slim 7 Pro 14IAH7
Yoga Slim 7 Pro 14IAP7
Yoga Slim 7 Pro-14ACH5
Yoga Slim 7 Pro-14ARH5
Yoga Slim 7 Pro-14ITL5",,,119.99
New 3K Screen for Lenovo Yoga Slim 7 ProX 14ARH7 14IAH7 5D10S39876 5D10S39981 5D10S39875 5D10S39890 5D10S39891 5D10S40002,Replacement Laptop LCD LED Screen Display Monitor,,,,,,,199.99
New 144Hz 165Hz FHD WQHD Screen for Lenovo Legion 5 15ARH7 15ARH7H 15IAH7 15IAH7H,Replacement Laptop LCD LED Screen Display Monitor,,,,,,,179.99
New FHD WQHD Screen for Asus ROG Strix SCAR 15 G533QM G533QR G533QS G533ZX G533ZM G533ZW G533ZS,Replacement Laptop LCD LED Screen Display Monitor,,,,"ROG Strix SCAR 15 2021
G533QR-DS76Q
G533QR-XS98Q
G533QS-DS98
G533QS-XS98Q
G533QS-DS94
G533QS-DS76
G533QS-DS96
G533QS-HQ Series
G533QS-HFSeries
G533QR-HF Series
G533QM-HQ Series
G533QM-HF Series",,,179.99
New 165Hz WQHD Screen for Asus ROG Zephyrus G15 GA503QC GA503QE GA503QM GA503QR GA503QS GA503RW GA503RM GA503RS GA503RX,Replacement Laptop LCD LED Screen Display Monitor,,,,,,,169.99
New 144Hz 165Hz 300Hz Screen for Asus TUF Dash F15 FX517ZC FX517ZE FX517ZM FX517ZR,Replacement Laptop LCD LED Screen Display Monitor,,,,,,,159.99
New 144Hz 165Hz 300Hz Screen for Asus TUF Gaming A15 2022 FA507RC FA507RE FA507RM FA507RR,Replacement Laptop LCD LED Screen Display Monitor,,,,,,,159.99
New 144Hz 165Hz 300Hz Screen for Asus TUF Gaming F15 2022 FX507ZC FX507ZE FX507ZM FX507ZR,Replacement Laptop LCD LED Screen Display Monitor,,,,,,,159.99
New WUXGA WQXGA Screen for Asus ROG Zephyrus M16 2022 GU603ZX GU603ZW GU603ZM GU603ZE,Replacement Laptop LCD LED Screen Display Monitor,,,,,,,189.99
New 165Hz 240Hz Screen for Asus ROG Zephyrus G16 2023 GU603VI GU603VU GU603VV GU603ZI GU603ZU GU603ZV,Replacement Laptop LCD LED Screen Display Monitor,,,,,,,269.99
New Screen for Asus ROG Zephyrus G14 2023 GA402XI GA402XU GA402XV GA402XY GA402XZ GA402NI GA402NJ GA402NU GA402NV,Replacement Laptop LCD LED Screen Display Monitor,,,,,,,199.99
"New 16"" WUXGA WQXGA Screen for Asus ROG Strix G16 2023 G614JI G614JU G614JV G614JZ G614JJ",Replacement Laptop LCD LED Screen Display Monitor,,,,,,,269.99
"New 16"" WUXGA WQXGA Screen for Lenovo LOQ 16APH8 16IRH8",Replacement Laptop LCD LED Screen Display Monitor,,,,,,,179.99
"New 16"" WUXGA 144Hz Screen for Lenovo 5D11J74772 5D11J74773 5D11J74768",Replacement Laptop LCD LED Screen Display Monitor,5D11J74768,"5D11J74772
5D11J74773",,"Legion Slim 5 16APH8
Legion Slim 5 16IRH8
LOQ 16APH8
LOQ 16IRH8",,,199.99
"New 16"" WUXGA WQXGA Screen for Lenovo Legion Slim 5 16APH8 16IRH8",Replacement Laptop LCD LED Screen Display Monitor,,,,,,,269.99
"New 16"" WQXGA 240Hz Screen for Lenovo 5D11L55822 5D11L55816 5D11L55831",Replacement Laptop LCD LED Screen Display Monitor,5D11L55822,"5D11L55816
5D11L55831",,"Legion Slim 5 16APH8
Legion Slim 5 16IRH8
Legion Slim 7 16IRH8",,,269.99
"New 16"" WQXGA 165Hz Screen for Lenovo 5D11L55814 5D11L55815 5D11L55823",Replacement Laptop LCD LED Screen Display Monitor,"5D11L55814
5D11L55815",5D11L55823,,"Legion Slim 7 16IRH8
Legion Slim 5 16APH8
Legion Slim 5 16IRH8",,,199.99
"New 16"" WQXGA 240Hz Screen for Lenovo 5D11L40981",Replacement Laptop LCD LED Screen Display Monitor,5D11L40981,,,"Legion Pro 5 16ARX8
Legion Pro 5 16IRX8
Legion Pro 7 16ARX8H
Legion Pro 7 16IRX8
Legion Pro 7 16IRX8H",,,269.99
"New 16"" WQXGA 240Hz Screen for Lenovo 5D11L40987 5D11L40983",Replacement Laptop LCD LED Screen Display Monitor,5D11L40987,5D11L40983,,"Legion Pro 5 16ARX8
Legion Pro 5 16IRX8
Legion Pro 7 16ARX8H
Legion Pro 7 16IRX8
Legion Pro 7 16IRX8H",,,269.99
"New 16"" WQXGA Screen for Lenovo 5D11L40990 5D11L40984 5D11L40974",Replacement Laptop LCD LED Screen Display Monitor,"5D11L40990
5D11L40984
5D11L40974",,,"Legion Pro 5 16ARX8
Legion Pro 5 16IRX8",,,199.99
New WQXGA Screen for Lenovo Legion Slim 7 16IRH8 16APH8,Replacement Laptop LCD LED Screen Display Monitor,,,,,,,269.99
"New 16"" WQXGA Screen for Lenovo Legion Pro 7 16ARX8H 16IRX8 16IRX8H",Replacement Laptop LCD LED Screen Display Monitor,5D11L40987,,,"Legion Pro 7 16ARX8H
Legion Pro 7 16IRX8
Legion Pro 7 16IRX8H",,,269.99
New WQXGA Screen for Lenovo Legion Pro 5 16ARX8 16IRX8,Replacement Laptop LCD LED Screen Display Monitor,,,,,,,269.99
New WUXGA WQXGA Screen for Lenovo Legion S7 16ARHA7 16IAH7,Replacement Laptop LCD LED Screen Display Monitor,,,,,,,199.99
New 165Hz 240Hz Screen for Lenovo Legion 7 16ARHA7 16IAX7,Replacement Laptop LCD LED Screen Display Monitor,,,,,,,199.99
New 165Hz 240Hz Screen for Lenovo Legion 5 Pro 16ARH7 16ARH7H 16IAH7H 16IAH7,Replacement Laptop LCD LED Screen Display Monitor,,"5D11H29621
5D11H29622
5D11H29623
5D11H29626
5D11H29628
5D11H29636
5D11H71477
5D11J38182
5D11J38192
5D11J38194",,,,,269.99
New FHD WUXGA Screen for Lenovo ThinkPad L13 Gen 1 2 3 4,Replacement Laptop LCD LED Screen Display Monitor,,"02DA368
02DA370
02DA371
02DA373
02HL700
02HL701
02HL707
02HL710
02HL714
5D10V82415
5D10V82416
5D10V82422
5D10V82452
5D10W46483
5D11A22492
5D11A22504
5D11A22517
5D11B91458
5D11C89618
5D11D34354
5D11D34355
5D11D34358
5D11D34360
5D11D69574
5D11E22832
5D11G97711
5D11G99894
5D11H80308",,,,,169.99
New Screen for Lenovo ThinkPad X1 Nano Gen 1 2 3,Replacement Laptop LCD LED Screen Display Monitor,,"5M10X63649
5M10X63650
5M10X63651
5M10X63652
5M10X63653
5M10X63654
5M10X63655
5M10X63656
5M10X63658
5M10X63659
5M10X63660
5M10X63661
5M11D12263
5M11D12264
5M11D12292
5M11D12293
5M11D12294
5M11D12295
5M11D12330
5M11D12333
5M11D12334
5M11D12335
5M11L99162",,,,,169.99
New FHD WUXGA Screen for Lenovo ThinkPad E14 Gen 1 2 3 4 5,Replacement Laptop LCD LED Screen Display Monitor,,"01YN170
02DA381
02DC314
02DC315
02DL762
5D10V82390
5D10V82392
5D10V82394
5D10V82395
5D10V82396
5D10V82397
5D10W42366
5D10W46403
5D10W69523
5D10W69523
5D10W69935
5D10W87242
5D10W87245
5D10W87246
5D10Z86938
5D11B09002
5D11B43177
5D11B60376
5D11B64084
5D11B64637
5D11B68428
5D11B77649
5D11B81385
5D11C12732
5D11C18140
5D11C89612
5D11D19219
5D11F23091
5D11F27016
5D11F28687
5D11F39180
5D11F39181
5D11H87044
5D11L89624
5D11L90075",,,,,169.99
New WUXGA WQXGA Screen for Lenovo ThinkPad E16 Gen 1,Replacement Laptop LCD LED Screen Display Monitor,"5D10V82408
5D10V82411
5D10V82412
5D10V82423
5D10V82424
5D10V82439
5D10V82440
5D11E38375
5D11E38376
5D11L44828
5D11M04143",,,,,,199.99
New WUXGA WQXGA Screen for Lenovo ThinkPad P16 Gen 1 2,Replacement Laptop LCD LED Screen Display Monitor,,"5D11C95899
5D11C95900
5D11C95901
5D11C95902
5D11C95903
5D11C95904
5D11C95905
5D11C95906
5D11C95915
5D11C95916
5D11C95917
5D11C95918
5D11C95919
5D11C95924
5D11C95934
5D11C95935
5D11C95936
5M11H26693
5M11H26699
5M11H26705
5M11H26709
5M11H26715
5M11H26717",,,,,269.99
New WUXGA UHD Screen for Lenovo ThinkPad P16v Gen 1,Replacement Laptop LCD LED Screen Display Monitor,"5D10V82408
5D10V82410
5D10V82411
5D10V82439
5D10V82440
5D10V82507
5D11C95917
5D11C95918
5D11C95924
5D11E38374
5D11E38375
5D11E38376
5D11M04143",,,,,,199.99
New WUXGA WQXGA Screen for Lenovo ThinkPad P16s Gen 1 2,Replacement Laptop LCD LED Screen Display Monitor,,"5D11C95899
5D11C95900
5D11C95901
5D11C95902
5D11C95903
5D11C95904
5D11C95905
5D11C95906
5D11C95915
5D11C95916
5D11C95917
5D11C95918
5D11C95919
5D11C95924
5D11C95935
5D11C95936
5M11H26693
5M11H26699
5M11H26705
5M11H26709
5M11H26715
5M11H26717",,,,,199.99
"New 13.3"" WUXGA Screen for Lenovo 5D11A22492 5D11A22504 5D11A22505 5D11A22506 5D11G97711 5D11G99894",Replacement Laptop LCD LED Screen Display Monitor,"5D11A22492
5D11A22504","5D11A22505
5D11A22506
5D11G97711
5D11G99894",,"ThinkPad L13 Gen 3
ThinkPad L13 Gen 4
ThinkPad X13 Gen 2
ThinkPad X13 Gen 3
ThinkPad X13 Gen 4",,,99.99
"New 13.3"" WUXGA Screen for Lenovo ThinkPad X13 L13 Gen 4 5D10V82414 5D10V82415 5D10V82416 400 nits",Replacement Laptop LCD LED Screen Display Monitor,5D10V82416,"5D10V82414
5D10V82415",,"ThinkPad X13 Gen 4
ThinkPad L13 Gen 4",,,169.99
"New 16"" WQXGA Screen for Lenovo 5D10V82384 5D10V82423 5D10V82424 5D11E21573 5D11F30920",Replacement Laptop LCD LED Screen Display Monitor,"5D10V82384
5D11F30920
5D11E21573","5D10V82423
5D10V82424",,"ThinkPad E16 Gen 1
ThinkPad T16 Gen 1
ThinkBook 16P Gen 2",,,219.99
"New 16"" WUXGA Screen for Lenovo 5D10V82408 5D10V82406 5D10V82407 5D10V82409",Replacement Laptop LCD LED Screen Display Monitor,5D10V82408,"5D10V82406
5D10V82407
5D10V82409",,"ThinkPad E16 Gen 1
ThinkPad P16s Gen 1
ThinkPad P16s Gen 2
ThinkPad T16 Gen 1
ThinkPad T16 Gen 2",,,149.99
"New 16"" WUXGA Screen for Lenovo 5D10V82440 5D10V82439 300 nits",Replacement Laptop LCD LED Screen Display Monitor,,,,"ThinkPad E16 Gen 1
ThinkPad P16s Gen 1
ThinkPad P16s Gen 2
ThinkPad P16v Gen 1
ThinkPad T16 Gen 1
ThinkPad T16 Gen 2",,,159.99
"New 16"" WUXGA Screen for Lenovo 5D10V82441 5D10V82434 5D10V82403 400 nits",Replacement Laptop LCD LED Screen Display Monitor,5D10V82441,"5D10V82434
5D10V82403",,"ThinkPad P16s Gen 1
ThinkPad P16s Gen 2
ThinkPad T16 Gen 1
ThinkPad T16 Gen 2",,,199.99
"New 14"" WUXGA Screen for HP ZBook Firefly 14 G9, ZBook Firefly 14 G10",Replacement Laptop LCD LED Screen Display Monitor,,,,,,,169.99
"New 14"" WUXGA WQXGA Screen for HP EliteBook 840 G10",Replacement Laptop LCD LED Screen Display Monitor,,,,,,,199.99
New Screen for HP N22325-001 N22326-001 N22327-001 N22328-001 N50660-001,Replacement Laptop LCD LED Screen Display Monitor,,"N22326-001
N22325-001
N22328-001
N22327-001
N50660-001",,"EliteBook 840 G9
EliteBook 845 G9
EliteBook 840 G10
ZBook Firefly 14 G9
ZBook Firefly 14 G10",,,169.99
"New 14"" WUXGA 1920×1200 Screen for HP EliteBook 840 G9 845 G9",Replacement Laptop LCD LED Screen Display Monitor,,,,"EliteBook 840 G9
EliteBook 845 G9",,,169.99
New Screen for Lenovo ThinkPad P14s Gen 1 2 3 4,Replacement Laptop LCD LED Screen Display Monitor,,"01YN131
01YN142
01YN150
01YN152
01YN154
01YN155
01YN157
01YN170
02DA381
02DC316
02DL762
5D10V82345
5D10V82348
5D10V82349
5D10V82364
5D10V82366
5D10V82372
5D10V82387
5D10V82390
5D10V82392
5D10V82394
5D10V82395
5D10V82396
5D10V82397
5D10V82398
5D10V82399
5D10V82400
5D10V82401
5D10V82402
5D10V82446
5D10V82454
5D10V82458
5D10V82523
5D10W87245
5D10W87246
5D10Z46334
5D10Z72100
5D10Z86945
5D11A22491
5D11A24588
5D11A41184
5D11B07705
5D11B43177
5D11B68428
5D11C95349
5D11C95781
5D11C95994
5D11C99675
5D11D96811
5D11F23091
5D11F27016
5D11F39180
5D11G33815
5D11G99892
5D11H45003
5D11J52876
5D11L44830
5D11L89624
5M10Z54307
5M10Z54308
5M11C43969
5M11C43970
5M11C94785
5M11C94786
5M11F26626
5M11F26627
5M11F26628
5M11J05809
5M11J05811
5M11M02575
5M11M02576",,,,,269.99
New WUXGA WQXGA Screen for Lenovo ThinkPad T16 Gen 1 2,Replacement Laptop LCD LED Screen Display Monitor,,,,,,,199.99
New FHD Screen for Lenovo ThinkPad L14 Gen 1 2 3 4,Replacement Laptop LCD LED Screen Display Monitor,,,,,,,179.99
New Screen for Lenovo ThinkPad X1 Extreme Gen 1 2 3 4 5,Replacement Laptop LCD LED Screen Display Monitor,,,,,,,269.99
New FHD UHD WQXGA QHD+ Screen for Lenovo Thinkpad P1 Gen 1 2 3 4 5,Replacement Laptop LCD LED Screen Display Monitor,,"00NY692
01YN137
01YN138
01YN139
01YN145
01YN166
01YN174
02HM880
02HM881
02HM884
5D10V82343
5D10V82350
5D10V82351
5D10V82385
5M10Y87517
5M10Y87518
5M10Z68399
5M10Z68400
5M11D12265
5M11D12266
5M11D12267
5M11D12268
5M11D12269
5M11D12270
5M11D12271
5M11D12272
5M11D12273
5M11D12274
5M11D12275
5M11D12276
5M11D12277
5M11D12307
5M11D12308
5M11D12309
5M11D12310
5M11D12311
5M11D12312
5M11D12313
5M11D12314
5M11D12315
5M11D12316
5M11D12317
5M11D12318
5M11D12319
5M11D12320
5M11D12321
5M11F52400
5M11F52401",,"Thinkpad P1 Gen 1
Thinkpad P1 Gen 2
Thinkpad P1 Gen 3
Thinkpad P1 Gen 4
Thinkpad P1 Gen 5",,,269.99
New 4K UHD Screen for Lenovo Thinkpad P1 X1 Extreme Gen 3 5D10V82351 5D10V82350 NE156QUM-N6A MNF601EA1-1 600nits,Replacement Laptop LCD LED Screen Display Monitor,"5D10V82351
NE156QUM-N6A V3.0
5D10V82350
MNF601EA1-1","5D10V82351
5D10W46489
5D10Y68490
5D10Y68492
5D11C19488
5D10V82350
NE156QUM-N6A
MNF601EA1-1
MNF601EA1-2
MNF601EA1-5
NE156QUM-N6A V3.1",,"Legion S7 15ARH5
Legion S7 15IMH5
Thinkpad P1 Gen 3
Thinkpad P15 Gen 1
Thinkpad P15 Gen 2
Thinkpad P15s Gen 1
Thinkpad P15s Gen 2
Thinkpad P15v Gen 1
Thinkpad P15v Gen 2
Thinkpad T15 Gen 2
Thinkpad T15G Gen 1
Thinkpad T15G Gen 2
Thinkpad T15P Gen 1
Thinkpad T15P Gen 2
Thinkpad X1 Extreme Gen 3",,,189.99
New TouchScreen for Lenovo Thinkpad T16 P16s E16 5D10V82410 5D10V82411 5D10V82412 B160UAK01.1 NV160WUM-K00,Replacement Laptop LCD LED Screen Display Monitor,"5D10V82410
B160UAK01.1","5D10V82411
5D10V82412
NV160WUM-K00
R160NW41 R2",,"Thinkpad E16 Gen 1
Thinkpad P16s Gen 1
Thinkpad P16s Gen 2
ThinkPad P16v Gen 1
Thinkpad T16 Gen 1
Thinkpad T16 Gen 2",,,199.99
New WUXGA Screen NE140WUM-N62 MNE007JA1-1 LP140WU1 SPB2 B140UAN02.1 400nits,Replacement Laptop LCD LED Screen Display Monitor,NE140WUM-N62,"MNE007JA1-1
LP140WU1 SPB2
B140UAN02.1",,"ThinkPad P14s Gen 3
ThinkPad P14s Gen 4
ThinkPad T14 Gen 3
ThinkPad T14 Gen 4
ThinkPad T14s Gen 3
ThinkPad T14s Gen 4
ThinkPad X1 Carbon 9th Gen 2021
ThinkPad X1 Carbon 10th Gen 2022",,,139.95
New WUXGA Screen for Lenovo Thinkpad T14 T14s P14s Gen 3 Gen 4 5D10V82394 5D10V82395 5D10V82396,Replacement Laptop LCD LED Screen Display Monitor,"5D10V82394
SD10Z34930","5D10V82395, SD10Z34931
5D10V82396, SD10Z34932",,"ThinkPad E14 Gen 5
ThinkPad P14s Gen 3
ThinkPad P14s Gen 4
ThinkPad T14 Gen 3
ThinkPad T14 Gen 4
ThinkPad T14s Gen 3
ThinkPad T14s Gen 4",,,119.99
New QHD+ FHD+ Screen for Asus ROG Zephyrus G14 2022 GA402RK GA402RJ 18010-14044000 18010-14044100,Replacement Laptop LCD LED Screen Display Monitor,,"18010-14090100
18010-14044000
18010-14044100",,"GA402RK
GA402RJ",,,169.99
New WUXGA Screen for Lenovo Thinkpad T14 P14S T14S Gen 3 5D10V82366 5D10V82367 5D10V82364 5D11D96811,Replacement Laptop LCD LED Screen Display Monitor,5D10V82367,"5D10V82366, 5D10V82364, 5D11D96811",,"ThinkPad P14s Gen 3
ThinkPad P14s Gen 4
ThinkPad T14 Gen 3
ThinkPad T14 Gen 4
ThinkPad T14s Gen 3
ThinkPad T14s Gen 4
ThinkPad X1 Carbon 9th Gen 2021
ThinkPad X1 Carbon 10th Gen 2022",,,139.95
UHD Display Cable for Lenovo ThinkPad P15 T15g Gen 2 5C11C12567 DC02C00R500,Replacement Laptop LCD LED Screen Display Monitor,,,,,,,49.95
FHD QHD Display Cable for Lenovo ThinkPad X13 Gen 2 5C11C12502 5C11C12503 5C11C12505,Replacement Laptop LCD LED Screen Display Monitor,,,,,,,49.99
"FHD UHD Touch Display Cable for Lenovo ThinkPad T15 Gen 2, P15s Gen 2 5C11C12494 5C11C12493 5C11C12492",Replacement Laptop LCD LED Screen Display Monitor,,,,,,,69.99
"FHD UHD Display LCD Cable for Lenovo ThinkPad T14 Gen 2, P14s Gen 2 5C10Z23930 5C10Z23931 5C10Z23933",Replacement Laptop LCD LED Screen Display Monitor,"DC02C00DZ60
DC02C00DZ40
DC02C00KY40
DC02C00DY50
DC02C00GA60
DC02C00L360",,,"ThinkPad T14 Gen 2 (Type 20W0, 20W1, 20XK, 20XL)
ThinkPad P14s Gen 2",,,59.99
New Backlit Keyboard for ASUS Zenbook 14X OLED UX5400EA UX5400EG UX5401EA UX5401ZA,Replacement Laptop LCD LED Screen Display Monitor,0KNB0-4602US00,,,"Zenbook 14X OLED (UX5400, 11th Gen Intel)
Zenbook 14X OLED (UX5400, 12th Gen Intel)
Zenbook 14X OLED (UX5401, 11th Gen Intel)
Zenbook 14X OLED (UX5401, 12th Gen Intel)
Zenbook 14X OLED Space Edition (UX5401, 12th Gen Intel)
Zenbook 14X (UX5401, 11th Gen Intel)
Zenbook 14X (UX5401, 12th Gen Intel)
UX5400EA
UX5400EG
UX5400ZF
UX5401EA
UX5401ZA
UX5401ZAS",,,49.99
"Display Cable for HP EliteBook 840 G7, ZBook Firefly 14 G7 M07203-001",Replacement Laptop LCD LED Screen Display Monitor,,,,,,,59.99
Display Cable for HP EliteBook 840 G6 ZBook 14u G6 L62734-001,Replacement Laptop LCD LED Screen Display Monitor,,,,,,,49.95
"Display eDP Cable for Lenovo ThinkPad X1 Extreme 3rd Gen, ThinkPad P1 Gen 3 5C10Z39957 5C10Z39958",Replacement Laptop LCD LED Screen Display Monitor,,"5C10Z39957 FHD 30 pin connector
5C10Z39958 UHD Non-touch 40 pin connector
5C10Z91721 UHD Touch 40 pin connector",,"ThinkPad X1 Extreme 3rd Gen
ThinkPad P1 Gen 3",,,49.95
Display Cable for HP Pavilion Gaming 15-ec0013dx 15-ec1073dx 15-ec2021nr 15-ec2008ca L72719-001 L72720-001,Replacement Laptop LCD LED Screen Display Monitor,,"L72719-001 60Hz, 30-pin connector
L72720-001 144Hz, 40-pin connector",,"Pavilion Gaming 15-ec0000 series
Pavilion Gaming 15-ec0001ca
Pavilion Gaming 15-ec0003ca
Pavilion Gaming 15-ec0010nr
Pavilion Gaming 15-ec0013dx
Pavilion Gaming 15-ec0095nr
Pavilion Gaming 15-ec0751ms
Pavilion Gaming 15-ec1000 series
Pavilion Gaming 15-ec1003ca
Pavilion Gaming 15-ec1008ca
Pavilion Gaming 15-ec1010ca
Pavilion Gaming 15-ec1010nr
Pavilion Gaming 15-ec1020ca
Pavilion Gaming 15-ec1046nr
Pavilion Gaming 15-ec1073dx
Pavilion Gaming 15-ec1085nr
Pavilion Gaming 15-ec2000 series
Pavilion Gaming 15-ec2008ca
Pavilion Gaming 15-ec2010ca
Pavilion Gaming 15-ec2021nr
Pavilion Gaming 15-ec2097nr
Pavilion Gaming 15-ec2121nr
And all 15-ec series",,,49.99
Display LCD Cable for HP Pavilion x360 14m-dw0013dx 14m-dw0023dx 14m-dw1013dx 14m-dw1023dx 14m-dw1033dx L96496-001 6017B1367601,Replacement Laptop LCD LED Screen Display Monitor,,L96496-001,,"Pavilion x360 14m-dw0013dx
Pavilion x360 14m-dw0023dx
Pavilion x360 14m-dw1013dx
Pavilion x360 14m-dw1023dx
Pavilion x360 14m-dw1033dx
Pavilion x360 14-dw0097nr
Pavilion x360 14-dw1008ca
Pavilion x360 14-dw1010nr
Pavilion x360 14-dw1010wm
Pavilion x360 14-dw1018ca
Pavilion x360 14-dw1024nr
Pavilion x360 14-dw1025nr
Pavilion x360 14-dw1034nr
Pavilion x360 14-dw1051cl
Pavilion x360 14-dw1075nr
Pavilion x360 14-dw1076nr
Pavilion x360 14-dw1077nr
Pavilion x360 14-dw1085cl
Pavilion x360 14-dw1095cl
Pavilion x360 14-dw1134nr
and all 14-dw  not equipped with WWAN capability",,,39.85
New Screen for Lenovo ThinkPad X1 Carbon Gen 7 8 9 10 11,Replacement Laptop LCD LED Screen Display Monitor,,,,,,,199.99
New FHD WUXGA QHD Screen for Lenovo ThinkPad X13 Gen 1 2 3 4,Replacement Laptop LCD LED Screen Display Monitor,,,,,,,179.99
New FHD UHD Screen for Lenovo ThinkPad T15 Gen 1 2,Replacement Laptop LCD LED Screen Display Monitor,,,,,,,189.99
Display Cable for HP Pavilion x360 14m-dh0001dx 14m-dh0003dx 14m-dh1001dx 14m-dh1003dx L51097-001,Replacement Laptop LCD LED Screen Display Monitor,,,,,,,39.95
New Display cable for HP EliteBook 830 G5 735 G5 L13678-001,Replacement Laptop LCD LED Screen Display Monitor,,,,,,,59.99
New FHD UHD WUXGA Screen for Lenovo ThinkPad T14s Gen 1 2 3 4,Replacement Laptop LCD LED Screen Display Monitor,,,,,,,269.99
New FHD UHD Screen for Lenovo ThinkPad T14 Gen 1 2 3 4,Replacement Laptop LCD LED Screen Display Monitor,,,,,,,269.99
New UHD Screen for Lenovo ThinkPad T14 T14s X1 Carbon 5D10V82348 5D10V82349 NE140QUM-N61 MNE001EA1-1,Replacement Laptop LCD LED Screen Display Monitor,"FRU 5D10V82348
P/N SD10Q67017
Model NE140QUM-N61","5D10V82349
MNE001EA1-1",,"ThinkPad X1 Carbon 8th Gen (Type 20U9, 20UA)
ThinkPad T14s (Type 20T0, 20T1)
ThinkPad T14 Gen 1 (type 20S0, 20S1)",,,199.95
HD Screen for HP 15-dy1018ca 15-dy1028ca 15-dy0082nr 15-dy1051wm 15-dy1071wm 15-dy1073nr 15-dy1076nr 15-dy1078nr L63568-001,Replacement Laptop LCD LED Screen Display Monitor,,L63568-001,,"15-dy0008ca
15-dy0018ca
15-dy0082nr
15-dy1007ca
15-dy1008ca
15-dy1017ca
15-dy1018ca
15-dy1027od
15-dy1028ca
15-dy1037nr
15-dy1038ca
15-dy1045nr
15-dy1051wm
15-dy1062nr
15-dy1071wm
15-dy1073nr
15-dy1076nr
15-dy1078nr
15-dy1086nr
15-dy1087nr
15-dy1973cl
And all 15-DY series  with an HD screen",,,189.95
HD Touchscreen for HP 15-dy0013dx 15-dy1023dx 15-dy1751ms 15-dy1731ms 15-dy1074nr 15-dy1010nr 15-dy1020nr L63569-001,Replacement Laptop LCD LED Screen Display Monitor,,L63569-001,,"15-dy0010ds
15-dy0011ds
15-dy0012ds
15-dy0013dx
15-dy0044nr
15-dy1010nr
15-dy1020nr
15-dy1023dx
15-dy1074nr
15-dy1085nr
15-dy1731ms
15-dy1751ms
15-dy1755cl
15-dy1771ms
And all 15-DY series  with an HD touchscreen",,,169.95
UHD Touchscreen Assembly for HP Spectre x360 13-aw0023dx 13-aw2003dx 13-aw0020nr 13-aw0090ca L72406-001 L75192-001 L72404-001,Replacement Laptop LCD LED Screen Display Monitor,,,,"Spectre x360 13-aw0020nr
Spectre x360 13-aw0023dx
Spectre x360 13-aw0090ca
Spectre x360 13-aw2003dx
And all 13-aw series  with a UHD touchscreen",,,359.95
FHD Touchscreen Assembly for HP Envy X360 13-aq0011ms 13-aq0005nr 13-aq0077nr 13-aq1010nr 13-aq1185nr 13-aq1075nr 13-aq1076nr L53376-001 L53379-001,Replacement Laptop LCD LED Screen Display Monitor,,,,"Envy X360 13-aq0005nr
Envy X360 13-aq0077nr
Envy X360 13-aq1010nr
Envy X360 13-aq1185nr
Envy X360 13-aq0011ms
Envy X360 13-aq0051ms
Envy X360 13-aq1020ca
Envy X360 13-aq1075nr
Envy X360 13-aq1076nr
And all 13-aq series  with an FHD touchscreen",,,299.95
UHD Touchscreen Assembly for HP Envy X360 13-aq0044nr 13-aq0045cl 13-aq1175cl L53382-001 L53383-001 L53384-001,Replacement Laptop LCD LED Screen Display Monitor,,,,"Envy X360 13-aq0044nr
Envy X360 13-aq0045cl
Envy X360 13-aq1175cl
And all 13-aq series  with a UHD touchscreen",,,359.95
FHD Touchscreen Assembly for HP ENVY x360 15m-ds0011dx 15m-ds0012dx 15m-ds0023dx 15-ds1003ca 15-ds1010wm 15-ds1063cl 15-ds1083cl L53868-001,Replacement Laptop LCD LED Screen Display Monitor,,L53868-001,,"ENVY x360 15-ds0003ca
ENVY x360 15-ds0013ca
ENVY x360 15-ds0013nr
ENVY x360 15-ds0502na
ENVY x360 15-ds0502sa
ENVY x360 15-ds0599na
ENVY x360 15-ds0599sa
ENVY x360 15-ds1003ca
ENVY x360 15-ds1010nr
ENVY x360 15-ds1010wm
ENVY x360 15-ds1063cl
ENVY x360 15-ds1077nr
ENVY x360 15-ds1083cl
ENVY x360 15-ds1086nr
ENVY x360 15-ds1097nr
ENVY x360 15m-ds0011dx
ENVY x360 15m-ds0012dx
ENVY x360 15m-ds0023dx
And all 15-ds series",,,299.95
HD Touchscreen Assembly for HP Pavilion x360 15-dq0953cl 15-dq0010nr 15-dq0061cl 15-dq0065cl 15-dq0975cl L51358-001,Replacement Laptop LCD LED Screen Display Monitor,,,,"Pavilion x360 15-dq0010nr
Pavilion x360 15-dq0035nr
Pavilion x360 15-dq0061cl
Pavilion x360 15-dq0065cl
Pavilion x360 15-dq0067cl
Pavilion x360 15-dq0095nr
Pavilion x360 15-dq0953cl
Pavilion x360 15-dq0975cl
Pavilion x360 15-dq1010nr
And all Pavilion x360 15-dq series  with an HD touch screen",,,299.95
FHD Touchscreen Assembly for HP Pavilion x360 15-dq0075nr 15-dq0076nr 15-dq0077nr 15-dq0078nr 15-dq1052nr L51357-001 L66916-001,Replacement Laptop LCD LED Screen Display Monitor,,,,"Pavilion x360 15-dq0075nr
Pavilion x360 15-dq0076nr
Pavilion x360 15-dq0077nr
Pavilion x360 15-dq0078nr
Pavilion x360 15-dq0081nr
Pavilion x360 15-dq1003ca
Pavilion x360 15-dq1010ca
Pavilion x360 15-dq1052nr
And all Pavilion x360 15-dq series  with an FHD touch screen",,,299.95
New 4K UHD Screen for Lenovo ThinkPad T15 T590 P53 P53s 01YN137 01YN138 NE156QUM-N66,Replacement Laptop LCD LED Screen Display Monitor,,,,"ThinkPad T590
ThinkPad T15 Gen 1
ThinkPad P1 Gen 2
ThinkPad X1 Extreme Gen 2
ThinkPad P53
ThinkPad P53s",,,179.95
FHD Touchscreen Assembly for HP Spectre x360 13-aw0013dx 13-aw0008ca 13-aw0010ca L75193-001 L72405-001 L75197-001,Replacement Laptop LCD LED Screen Display Monitor,,,,"Spectre x360 13-aw0013dx
Spectre x360 13-aw0008ca
Spectre x360 13-aw0010ca
Spectre x360 13-aw0020ca
Spectre x360 13-aw0111na
Spectre x360 13-aw0261no
Spectre x360 13-aw0262no
Spectre x360 13-aw0272no
Spectre x360 13-aw0273no
Spectre x360 13-aw0320ng
Spectre x360 13-aw0352no
Spectre x360 13-aw0900na
Spectre x360 13-aw0901na
Spectre x360 13-aw0904ng
and all 13-aw  with an FHD, UWVA, 400 nits touchscreen",,,299.95
FHD Privacy Touchscreen Assembly for HP Spectre x360 13-ap0033dx 13-ap0028ca 13-ap0038nr L37646-001 L37647-001,Replacement Laptop LCD LED Screen Display Monitor,,,,"Spectre x360 13-ap0000na
Spectre x360 13-ap0000nf
Spectre x360 13-ap0001na
Spectre x360 13-ap0001nf
Spectre x360 13-ap0001ns
Spectre x360 13-ap0002nf
Spectre x360 13-ap0002nt
Spectre x360 13-ap0002tu
Spectre x360 13-ap0003nf
Spectre x360 13-ap0003ns
Spectre x360 13-ap0004na
Spectre x360 13-ap0005nl
Spectre x360 13-ap0007na
Spectre x360 13-ap0007nf
Spectre x360 13-ap0007tu
Spectre x360 13-ap0008na
Spectre x360 13-ap0008nf
Spectre x360 13-ap0009na
Spectre x360 13-ap0010nl
Spectre x360 13-ap0011ne
Spectre x360 13-ap0011nf
Spectre x360 13-ap0013ne
Spectre x360 13-ap0014na
Spectre x360 13-ap0015na
Spectre x360 13-ap0017na
Spectre x360 13-ap0018nf
Spectre x360 13-ap0024tu
Spectre x360 13-ap0025tu
Spectre x360 13-ap0026tu
Spectre x360 13-ap0027tu
Spectre x360 13-ap0028ca
Spectre x360 13-ap0028tu
Spectre x360 13-ap0033dx
Spectre x360 13-ap0038nr
Spectre x360 13-ap0046tu
Spectre x360 13-ap0050ca
Spectre x360 13-ap0083tu
Spectre x360 13-ap0084tu
Spectre x360 13-ap0085tu
Spectre x360 13-ap0086tu
Spectre x360 13-ap0100tu
Spectre x360 13-ap0104ng
Spectre x360 13-ap0106tu
Spectre x360 13-ap0120ng
Spectre x360 13-ap0121tu
Spectre x360 13-ap0122tu
Spectre x360 13-ap0127tu
Spectre x360 13-ap0141tu
Spectre x360 13-ap0303ng
Spectre x360 13-ap0312ng
Spectre x360 13-ap0700ng",,,299.95
Touchscreen Assembly for HP EliteBook x360 1030 G3 L31869-001 L31871-001,Replacement Laptop LCD LED Screen Display Monitor,,,,,,,269.95
Touchscreen Assembly for HP Envy x360 15m-dr0011dx 15m-dr0012dx 15m-dr1011dx 15m-dr1012dx L53545-001 L64480-001,Replacement Laptop LCD LED Screen Display Monitor,,,,"ENVY x360 15-dr0000na
ENVY x360 15-dr0003ca
ENVY x360 15-dr0004nb
ENVY x360 15-dr0005na
ENVY x360 15-dr0006ng
ENVY x360 15-dr0008ca
ENVY x360 15-dr0013nr
ENVY x360 15-dr0019nb
ENVY x360 15-dr0021nr
ENVY x360 15-dr0022nr
ENVY x360 15-dr0090ca
ENVY x360 15-dr0102ng
ENVY x360 15-dr0205ng
ENVY x360 15-dr0220ng
ENVY x360 15-dr0948nd
ENVY x360 15-dr1003ca
ENVY x360 15-dr1008ca
ENVY x360 15-dr1020ca
ENVY x360 15m-dr0011dx
ENVY x360 15m-dr0012dx
ENVY x360 15m-dr1011dx
ENVY x360 15m-dr1012dx
and all 15-dr series  with a 1920X1080 touchscreen",,,259.95
Genuine Touchscreen for Lenovo ThinkPad X390 X395 02HL706 02HL714 02DA370 02HL708 02HL707,Replacement Laptop LCD LED Screen Display Monitor,,,,"Lenovo ThinkPad X390 (20Q0, 20Q1, 20SC, 20SD)
Lenovo ThinkPad X395 (20NL, 20NM)",,,199.95
New FHD Privacy Screen for HP EliteBook 840 G5 L21943-001,Replacement Laptop LCD LED Screen Display Monitor,,,,,,,159.95
New FHD UHD LCD cable for HP Pavilion Gaming 15-cx0056wm 15-cx0058wm 15-cx0077wm 15-cx0020nr 15-cx0030nr L20355-001 L20357-001,Replacement Laptop LCD LED Screen Display Monitor,,,,"Pavilion Gaming 15-cx0008ca
Pavilion Gaming 15-cx0010ca
Pavilion Gaming 15-cx0020ca
Pavilion Gaming 15-cx0020nr
Pavilion Gaming 15-cx0030nr
Pavilion Gaming 15-cx0040nr
Pavilion Gaming 15-cx0042nr
Pavilion Gaming 15-cx0045nr
Pavilion Gaming 15-cx0049nr
Pavilion Gaming 15-cx0056wm
Pavilion Gaming 15-cx0058wm
Pavilion Gaming 15-cx0071nr
Pavilion Gaming 15-cx0077wm
Pavilion Gaming 15-cx0085nr
Pavilion Gaming 15-cx0086nr
Pavilion Gaming 15-cx0009ne
Pavilion Gaming 15-cx0026nt
Pavilion Gaming 15-cx0144tx
and all 15-cx series",,,49.95
HD Touchscreen Assembly for HP Pavilion x360 14m-cd0006dx 14m-cd0005dx L20553-001 L20556-001 L20559-001,Replacement Laptop LCD LED Screen Display Monitor,,,,"Pavilion x360 14-cd0011nr
Pavilion x360 14-cd1010nr
Pavilion x360 14-cd1020nr
Pavilion x360 14-cd1075nr
Pavilion x360 14-cd1066nr
Pavilion x360 14-cd1951cl
Pavilion x360 14m-cd0005dx
Pavilion x360 14m-cd0006dx",,,259.95
New LCD Hinge for Lenovo ThinkPad X390 X395 02HL023 02HL024 02HL025,Replacement Laptop LCD LED Screen Display Monitor,,,,,,,29.95
New LCD Hinge for Lenovo ThinkPad X1 Carbon 7th Gen 2019 5H50V28087 5H50V28088,Replacement Laptop LCD LED Screen Display Monitor,,,,,,,39.95
"New FHD UHD LCD Cable for Lenovo ThinkPad X1 Extreme Gen 1, P1 Gen 1 01YU746 01YU747",Replacement Laptop LCD LED Screen Display Monitor,,,,,,,39.95
New UHD 4K Screen for HP EliteBook 840 G6 ZBook 14u G6 L62770-001,Replacement Laptop LCD LED Screen Display Monitor,,,,"EliteBook 840 G6
ZBook 14u G6",,,239.95
New FHD Screen for HP EliteBook 840 G6 745 G6 ZBook 14u G6 62772-001,Replacement Laptop LCD LED Screen Display Monitor,,,,"EliteBook 840 G6
EliteBook 745 G6
ZBook 14u G6",,,149.95
New UHD FHD LCD Display Cable for HP EliteBook 840 G5 745 G5 ZBook 14u G5 L14370-001,Replacement Laptop LCD LED Screen Display Monitor,,,,,,,59.95
FHD Display Cable for HP Spectre x360 13-ap0013dx 13-ap0033dx 13-ap0038nr DD0X36LC200,Replacement Laptop LCD LED Screen Display Monitor,,,,"Spectre x360 13-ap0008ca
Spectre x360 13-ap0010ca
Spectre x360 13-ap0013dx
Spectre x360 13-ap0028ca
Spectre x360 13-ap0033dx
Spectre x360 13-ap0038nr
Spectre x360 13-ap0040ca
Spectre x360 13-ap0050ca
Spectre x360 13-ap0000na
Spectre x360 13-ap0001na
and all Spectre x360 13-ap series  with a 1920 x 1080 touchscreen",,,49.95
FHD Touchscreen Assembly for HP Pavilion x360 14m-dh0003dx 14m-dh1003dx L51119-001,Replacement Laptop LCD LED Screen Display Monitor,,,,"Pavilion x360 14-dh0008ca
Pavilion x360 14-dh0013nr
Pavilion x360 14-dh0525sa
Pavilion x360 14-dh1008ca
Pavilion x360 14-dh1056cl
Pavilion x360 14-dh2008ca
Pavilion x360 14-dh2011nr
Pavilion x360 14-dh2027od
Pavilion x360 14-dh2034nr
Pavilion x360 14-dh2041wm
Pavilion x360 14-dh2051wm
Pavilion x360 14-dh2075cl
Pavilion x360 14-dh2077nr
Pavilion x360 14-dh2097nr
Pavilion x360 14-dh2671cl
Pavilion x360 14m-dh0003dx
Pavilion x360 14m-dh1003dx
and all Pavilion x360 14-DH series  with a 1920 x 1080 touchscreen",,,299.95
HD Touchscreen Assembly for HP Pavilion x360 14m-dh0001dx 14m-dh1001dx L51120-001,Replacement Laptop LCD LED Screen Display Monitor,,,,"Pavilion x360 14-dh0007ca
Pavilion x360 14-dh0031nr
Pavilion x360 14-dh2010nr
Pavilion x360 14-dh2075nr
Pavilion x360 14m-dh0001dx
Pavilion x360 14m-dh1001dx
and all Pavilion x360 14-DH series  with a 1366 x 768 touchscreen",,,299.95
"New FHD Screen for HP EliteBook 830 G6, EliteBook 735 G6 L60603-001",Replacement Laptop LCD LED Screen Display Monitor,,,,,,,99.95
FHD UHD Screen for HP EliteBook 850 G6 L62781-001 L62784-001,Replacement Laptop LCD LED Screen Display Monitor,,,,,,,
FHD Screen for HP EliteBook 755 G5 L22092-001 L22093-001,Replacement Laptop LCD LED Screen Display Monitor,,,,,,,169.95
New FHD Screen for HP EliteBook 840 G6 745 G6 ZBook 14u G6 L62773-001,Replacement Laptop LCD LED Screen Display Monitor,,L62773-001,,"EliteBook 840 G6
EliteBook 745 G6
ZBook 14u G6",,,119.95
New FHD Screen for HP EliteBook 830 G5 735 G5 L13829-001,Replacement Laptop LCD LED Screen Display Monitor,,L13829-001,,"EliteBook 830 G5
EliteBook 735 G5",,,129.95
New LCD Hinge for Lenovo ThinkPad T490 02HK970 02HK971 02HK972,Replacement Laptop LCD LED Screen Display Monitor,,,,"Lenovo ThinkPad T490 (20N2, 20N3, 20Q9, 20QH, 20RX, 20RY)",,,29.95
LCD Bezel sheet for Lenovo ThinkPad T490s 02HM516 02HM518,Replacement Laptop LCD LED Screen Display Monitor,,,,ThinkPad T490s,,,49.95
LCD Front Bezel Sheet for Lenovo ThinkPad T590 01YT320 01YT321,Replacement Laptop LCD LED Screen Display Monitor,,,,ThinkPad T590,,,39.95
New FHD UHD LCD Cable for Lenovo ThinkPad T15 T590 P53s 01YT323 01YT324 01YT325,Replacement Laptop LCD LED Screen Display Monitor,,,,"ThinkPad T590
ThinkPad P53s
ThinkPad T15 (type 20S6, 20S7)",,,39.95
FHD HD Screen for HP ProBook 430 G6 L44530-001 L44534-001,Replacement Laptop LCD LED Screen Display Monitor,,,,ProBook 430 G6,,,
FHD HD Screen for HP ProBook 440 G6 445 G6 L44572-001 L44576-001,Replacement Laptop LCD LED Screen Display Monitor,,,,"ProBook 440 G6
ProBook 445 G6
ProBook 445R G6",,,
HD Touchscreen for HP ProBook 450 G6 L45108-001,Replacement Laptop LCD LED Screen Display Monitor,,,,"ProBook 450 G6
ProBook 455R G6",,,99.95
New FHD HD Screen for HP ProBook 450 G6 L45102-001 L45105-001,Replacement Laptop LCD LED Screen Display Monitor,,,,"ProBook 450 G6
ProBook 455R G6",,,199.99
New HD FHD Screen for HP ProBook 650 G5 L58720-001 L13838-001,Replacement Laptop LCD LED Screen Display Monitor,,,,HP ProBook 650 G5,,,139.99
New FHD WQHD LCD Cable for Lenovo ThinkPad X1 Carbon 7th Gen 2019 5C10V28089 5C10V28092,Replacement Laptop LCD LED Screen Display Monitor,,,,ThinkPad X1 Carbon 7th Gen 2019,,,39.95
UHD 4K Screen for HP EliteBook 850 G5 L16642-001,Replacement Laptop LCD LED Screen Display Monitor,,L16642-001,,HP EliteBook 850 G5,,,239.95
AU Optronics B133HAN04.9 B133HAN05.3 Screen,Replacement Laptop LCD LED Screen Display Monitor,,,,"Acer, Asus, HP, Dell, Lenovo, etc",,,
Genuine BOE NV156FHM-N61 NV156FHM-N62 Screen 72% NTSC,Replacement Laptop LCD LED Screen Display Monitor,"NV156FHM-N61 BOE06FB
NV156FHM-N62 BOE075B",,,"Acer, HP, Dell, Lenovo, etc",,,199.95
Genuine Innolux N156HCE-EN1 CMN15E8 Screen 72% NTSC,Replacement Laptop LCD LED Screen Display Monitor,"N156HCE-EN1
CMN15E8",,,"Acer, HP, Dell, Lenovo, etc",,,199.95
Genuine AU Optronics B156HAK02.1 AUO21ED Touchscreen,Replacement Laptop LCD LED Screen Display Monitor,"B156HAK02.1
AUO21ED",,,"Acer, HP, Dell, Lenovo, etc",,,199.99
Genuine LG Philips LP156WFG-SPF2 LP156WFG-SPB2 LGD05C0 144HZ Screen,Replacement Laptop LCD LED Screen Display Monitor,"LP156WFG-SPF2
LP156WFG-SPB2
LGD05C0",,,"Lenovo Legion Y740 15
Razer Blade 15
Gigabyte Aero 15x V8
ASUS TUF Gaming FX505
and more",,,199.95
Brand New N156BGN-E43 NT156WHM-T03 HD Touchscreen,Replacement Laptop LCD LED Screen Display Monitor,,,,"Acer, HP, Dell, etc.",,,189.99
Genuine AU Optronics B156XTK02.0 Touchscreen,Replacement Laptop LCD LED Screen Display Monitor,B156XTK02.0,,,"Acer, HP, Dell, etc.",,,189.95
FHD Screen for HP EliteBook 850 G5 850 G6 L16640-001 L16641-001,Replacement Laptop LCD LED Screen Display Monitor,,"L16640-001
L16641-001",,"HP EliteBook 850 G5
HP EliteBook 850 G5",,,219.99
Touchscreen Assembly for HP EliteBook x360 1030 G3 L31868-001 L31870-001,Replacement Laptop LCD LED Screen Display Monitor,,,,,,,259.95
LCD Front Bezel Sheet for Lenovo ThinkPad T490 02HK968 02HK969,Replacement Laptop LCD LED Screen Display Monitor,,"02HK968, 02HK969",,"Lenovo ThinkPad T490 (20N2, 20N3, 20Q9, 20QH, 20RX, 20RY)",,,39.95
New FHD Non-touch LCD Cable for Lenovo ThinkPad T490s T495s 01YN276 01YN277 01YN278,Replacement Laptop LCD LED Screen Display Monitor,,01YN276 01YN277 01YN278,,"Lenovo ThinkPad T490s
Lenovo ThinkPad T495s",,,29.99
New LCD Cable for Lenovo ThinkPad T490 T495 T14 P14s 02HK975 02HK989 02HK974,Replacement Laptop LCD LED Screen Display Monitor,,"part
02HK975, 02HK989, 02HK974",,"ThinkPad T490
ThinkPad T495
ThinkPad T14 Gen 1",,,39.95
IPS FHD Screen for HP ZBook 14u G5 L17853-001 Non-Touch,Replacement Laptop LCD LED Screen Display Monitor,,L17853-001,,HP ZBook 14u G5,,,169.95
"Original AU Optronics B173HAN04.0, Innolux N173HCE-G33 Screen 144hz IPS 40 pins",Replacement Laptop LCD LED Screen Display Monitor,"AUO B173HAN04.0
Innolux N173HCE-G33",,,"ASUS ROG Strix GL704 SCAR II
Dell G7 17 7790
Asus TUF Gaming FX705",,,259.95
Original AU Optronics B156HAN08.2 B156HAN08.0 Screen 144hz IPS 40 pins 72% NTSC,Replacement Laptop LCD LED Screen Display Monitor,"B156HAN08.2, B156HAN08.0",,,"Asus ROG Zephyrus S GX531
Asus ROG Hero II GL504
Asus ROG Scar II GL504
MSI GE63 Raider RGB
MSI GS65 Stealth
Asus ROG Zephyrus S GX502
MSI GE63 Raider RGB
Alienware M15
And more gaming",,,199.95
LCD Screen for HP ProBook 650 G4 L13837-001 L13838-001,Replacement Laptop LCD LED Screen Display Monitor,,"L13837-001, L13838-001",,HP ProBook 650 G4,,,189.95
UHD 4K Screen for HP EliteBook 840 G5 L14384-001,Replacement Laptop LCD LED Screen Display Monitor,,L14384-001,,HP EliteBook 840 G5,,,199.95
Complete Screen Assembly for Asus ZenBook 3 Deluxe UX490UA,Replacement Laptop LCD LED Screen Display Monitor,,,,"Asus ZenBook 3 Deluxe UX490UA
Asus ZenBook 3 Deluxe UX490UA-XH74
Asus ZenBook 3 Deluxe UX490UA-XS74
Asus ZenBook 3 Deluxe UX490UAR
and all UX490 series",,,299.95
New FHD Touchscreen Assembly for HP Envy x360 15m-cp0011dx 15m-cp0012dx 15-cp0008ca L23792-001 L25821-001,Replacement Laptop LCD LED Screen Display Monitor,,"L23792-001, L25821-001",,,,,299.95
New UHD 4K Touchscreen Assembly for HP Spectre x360 15-df0013dx 15-df0033dx 15-df0043dx 15-df0008ca 15-df0002na L38114-001 L38115-001,Replacement Laptop LCD LED Screen Display Monitor,,"L38114-001, L38115-001",,"Spectre x360 15-df0008ca
Spectre x360 15-df0010ca
Spectre x360 15-df0013dx
Spectre x360 15-df0023dx
Spectre x360 15-df0033dx
Spectre x360 15-df0043dx
Spectre x360 15-df0068nr
Spectre x360 15-df0069nr
Spectre x360 15-df1010ca
Spectre x360 15-df1020ca
Spectre x360 15-df1033dx
Spectre x360 15-df1040nr
Spectre x360 15-df1045nr
Spectre x360 15-df1065nr",,,299.95
UHD 4K Touchscreen Assembly for HP Spectre x360 15-bl012dx 15-bl112dx 15-bl152nr 911082-001,Replacement Laptop LCD LED Screen Display Monitor,,911082-001,,"Spectre x360 15-bl000na
Spectre x360 15-bl000ng
Spectre x360 15-bl000nl
Spectre x360 15-bl000no
Spectre x360 15-bl001na
Spectre x360 15-bl001nb
Spectre x360 15-bl001nf
Spectre x360 15-bl001ng
Spectre x360 15-bl001no
Spectre x360 15-bl002ng
Spectre x360 15-bl003nl
Spectre x360 15-bl004nf
Spectre x360 15-bl005nf
Spectre x360 15-bl006nb
Spectre x360 15-bl010ca
Spectre x360 15-bl012dx
Spectre x360 15-bl018ca
Spectre x360 15-bl020nd
Spectre x360 15-bl030ng
Spectre x360 15-bl031ng
Spectre x360 15-bl050na
Spectre x360 15-bl051na
Spectre x360 15-bl062nr
Spectre x360 15-bl075nr
Spectre x360 15-bl090nz
Spectre x360 15-bl100na
Spectre x360 15-bl100nb
Spectre x360 15-bl101na
Spectre x360 15-bl101nb
Spectre x360 15-bl101ng
Spectre x360 15-bl102ng
Spectre x360 15-bl102no
Spectre x360 15-bl103ng
Spectre x360 15-bl108ca
Spectre x360 15-bl110nd
Spectre x360 15-bl112dx
Spectre x360 15-bl130ng
Spectre x360 15-bl131ng
Spectre x360 15-bl152nr
Spectre x360 15-bl190nz
and all Spectre x360 15-bl series  that come with a UHD 4K touchscreen.",,,299.95
UHD 4K Touchscreen Assembly for HP Spectre x360 15-ch011dx 15-ch011nr L15596-001,Replacement Laptop LCD LED Screen Display Monitor,,L15596-001,,"Spectre x360 15-ch008ca
Spectre x360 15-ch010ca
Spectre x360 15-ch011dx
Spectre x360 15-ch011nr
Spectre x360 15-ch012nr
Spectre x360 15-ch075nr
Spectre x360 15-ch001ng
Spectre x360 15-ch002ng
Spectre x360 15-ch003ng
Spectre x360 15-ch004na
Spectre x360 15-ch004ng
Spectre x360 15-ch005na
Spectre x360 15-ch005ng
Spectre x360 15-ch006nf
Spectre x360 15-ch006ng
Spectre x360 15-ch007ng
Spectre x360 15-ch008ng
Spectre x360 15-ch009ng
Spectre x360 15-ch015nd
Spectre x360 15-ch015nr
Spectre x360 15-ch017nr
Spectre x360 15-ch020nd
Spectre x360 15-ch025nd
Spectre x360 15-ch031ng
Spectre x360 15-ch032ng
Spectre x360 15-ch034ng
Spectre x360 15-ch054na
Spectre x360 15-ch055na
Spectre x360 15-ch060nz
and all Spectre x360 15-ch series  that come with a UHD 4K touchscreen.",,,299.95
UHD 4K Touchscreen Assembly for HP Spectre x360 13-ap0023dx 13-ap0043dx 13-ap0053dx L37650-001 L37651-001,Replacement Laptop LCD LED Screen Display Monitor,,"L37650-001, L37651-001",,"Spectre x360 13-ap0002no
Spectre x360 13-ap0004nf
Spectre x360 13-ap0010na
Spectre x360 13-ap0010ne
Spectre x360 13-ap0010nf
Spectre x360 13-ap0011na
Spectre x360 13-ap0012nl
Spectre x360 13-ap0014nl
Spectre x360 13-ap0015ne
Spectre x360 13-ap0023dx
Spectre x360 13-ap0039nr
Spectre x360 13-ap0043dx
Spectre x360 13-ap0053dx
Spectre x360 13-ap0068ms
Spectre x360 13-ap0072tu
Spectre x360 13-ap0090ca
Spectre x360 13-ap0102tu
Spectre x360 13-ap0121ng
and more 13-ap series  with a 3840X2160 touchscreen",,,299.95
Touchscreen Assembly for HP Pavilion x360 14m-cd0001dx 14m-cd0003dx L18192-001 L20552-001 L20555-001,Replacement Laptop LCD LED Screen Display Monitor,,"L18192-001
L20551-001
L20552-001
L20554-001
L20555-001
L20557-001
L20558-001",,"Pavilion x360 14-cd0007ca
Pavilion x360 14-cd0008ca
Pavilion x360 14-cd1008ca
Pavilion x360 14-cd1025cl
Pavilion x360 14-cd1033nr
Pavilion x360 14-cd1055cl
Pavilion x360 14m-cd0001dx
Pavilion x360 14m-cd0003dx
and more",,,269.95
Touchscreen Assembly for HP Spectre x360 13-ac013dx 13-ac023dx 13-ac063dx 918030-001 918031-001,Replacement Laptop LCD LED Screen Display Monitor,,"918030-001, 918031-001",,"Spectre x360 13-ac010ca
Spectre x360 13-ac013dx
Spectre x360 13-ac020ca
Spectre x360 13-ac023dx
Spectre x360 13-ac030ca
Spectre x360 13-ac033dx
Spectre x360 13-ac040ca
Spectre x360 13-ac050ca
Spectre x360 13-ac051nr
Spectre x360 13-ac063dx
Spectre x360 13-ac075nr
Spectre x360 13-ac076nr
Spectre x360 13-ac092ms
and more",,,229.95
New FHD Screen for Lenovo ThinkPad E15 L15 P15s P15v T15 T15p Gen 1 01YN132 01YN133 01YN134,Replacement Laptop LCD LED Screen Display Monitor,,,,,,,149.95
Genuine FHD IPS Touchscreen for Lenovo ThinkPad T590 P53s 01YN135 01YN136 B156HAK02.0,Replacement Laptop LCD LED Screen Display Monitor,"FRU 01YN135 P/N SD10Q66911 Model B156HAK02.0
FRU 01YN136",,,"Lenovo ThinkPad T590 (20N4, 20N5)
Lenovo ThinkPad P53s (20N6, 20N7)",,,199.95
New Touchscreen for Lenovo ThinkPad T14 T14s P14s Gen 1 01YN151 01YN152 01YN131 01YN150,Replacement Laptop LCD LED Screen Display Monitor,"01YN151, 01YN152, 01YN131",,,"ThinkPad T490
ThinkPad T490s
ThinkPad P14s Gen 1
ThinkPad T14 Gen 1
ThinkPad T14s Gen 1",,,149.95
New FHD IPS Screen for Lenovo ThinkPad T14 T14s P14s T490 X1 Carbon 01YN154 01YN156 01YN157 01YN155,Replacement Laptop LCD LED Screen Display Monitor,"FRU 01YN154, 01YN155","01YN154, 01YN156, 01YN157, 5D10V82387, 5D10X68366, 5D11C95349",,"ThinkPad T14 Gen 1 (type 20UD, 20UE, 20S0, 20S1, 20S2, 20S3)
ThinkPad T14 Gen 2 (Type 20W0, 20W1, 20XK, 20XL)
ThinkPad P14s Gen 1 (type 20S4, 20S5, 20Y1, 20Y2)
ThinkPad P14s Gen 2 (Type 20VX, 20VY, 21A0, 21A1)
ThinkPad T14s (Type 20T0, 20T1, 20UH, 20UJ)
ThinkPad T14s Gen 2 (Type 20WM, 20WN, 20XF, 20XG)
ThinkPad T490 (20N2, 20N3, 20Q9, 20QH)
ThinkPad T490s (20NX, 20NY)
ThinkPad T495 (20NJ, 20NK)
ThinkPad T495s (20QJ, 20QK)
ThinkPad X1 Carbon 7th Gen 2019 (20QD, 20QE)
ThinkPad X1 Carbon 8th Gen 2020 (20U9, 20UA)",,,139.99
"FHD IPS Screen for Asus ZenBook 13 UX333FA, UX333FN, UX333FA-DH51 72% NTSC",Replacement Laptop LCD LED Screen Display Monitor,,,,,,,179.95
Original FHD UHD Touchscreen Assembly for Lenovo Yoga C930-13IKB 5D10S73319 5D10S73320,Replacement Laptop LCD LED Screen Display Monitor,,,,Lenovo Yoga C930-13IKB (81C4),,,439.95
Touchscreen Assembly for Lenovo Yoga 530-14IKB Yoga 530-14ARR Flex 6-14IKB Flex 6-14ARR 5D10R03189 5D10R03188,Replacement Laptop LCD LED Screen Display Monitor,,"5D10R03189, 5D10R03188",,"Lenovo Yoga 530-14IKB Type 81EK
Lenovo Yoga 530-14ARR Type 81H9
Flex 6-14ARR Type 81HA
Flex 6-14IKB Type 81EM",,,259.95
"Touchscreen Assembly for HP Envy x360 15m-cn0011dx, Envy x360 15m-cn0012dx L20117-001 L20114-001",Replacement Laptop LCD LED Screen Display Monitor,,"L20117-001, L20114-001",,"Envy x360 15-cn0003ca
Envy x360 15-cn0008ca
Envy x360 15-cn0013nr
Envy x360 15-cn1010nr
Envy x360 15-cn1055cl
Envy x360 15m-cn0011dx
Envy x360 15m-cn0012dx
and more",,,299.95
NEW FHD Touchscreen Assembly for HP Spectre x360 13-ap0013dx 13-ap0008ca L37648-001 L37649-001,Replacement Laptop LCD LED Screen Display Monitor,,"L37648-001, L37649-001",,"Spectre x360 13-ap0000nl
Spectre x360 13-ap0001nl
Spectre x360 13-ap0003nw
Spectre x360 13-ap0004np
Spectre x360 13-ap0005nf
Spectre x360 13-ap0006nb
Spectre x360 13-ap0006nf
Spectre x360 13-ap0007ne
Spectre x360 13-ap0008ca
Spectre x360 13-ap0010ca
Spectre x360 13-ap0011nl
Spectre x360 13-ap0013dx
Spectre x360 13-ap0015nl
Spectre x360 13-ap0016na
Spectre x360 13-ap0016ng
Spectre x360 13-ap0017ng
Spectre x360 13-ap0017nl
Spectre x360 13-ap0040ca
Spectre x360 13-ap0041nr
Spectre x360 13-ap0067tu
Spectre x360 13-ap0100nd
Spectre x360 13-ap0102ng
Spectre x360 13-ap0109ng
Spectre x360 13-ap0110ng
Spectre x360 13-ap0154tu
Spectre x360 13-ap0180nd
Spectre x360 13-ap0250nd
Spectre x360 13-ap0317ng
and more",,,299.95
Touchscreen Assembly for HP ENVY x360 13m-ag0001dx 13m-ag0002dx L19576-001,Replacement Laptop LCD LED Screen Display Monitor,,L19576-001,,"Envy x360 13m-ag0001dx
Envy x360 13m-ag0002dx
Envy x360 13-ag0001na
Envy x360 13-ag0003na
Envy x360 13-ag0007ca
Envy x360 13-ag0010ca
Envy x360 13-ag0140nd
Envy x360 13-ag0500nd
Envy x360 13-ag0502na
Envy x360 13-ag0502sa
Envy x360 13-ag0590nd
Envy x360 13-ag0998na
Envy x360 13-ag0999na
and more",,,299.95
FHD Touchscreen Assembly for HP Pavilion x360 15-cr0037wm 15-cr0053wm 15-cr0077nr L20822-001 L20824-001 l20825-001,Replacement Laptop LCD LED Screen Display Monitor,,"L20822-001
L20824-001
L20823-001
L20825-001",,"Pavilion x360 15-cr0010nr
Pavilion x360 15-cr0011nr
Pavilion x360 15-cr0017nr
Pavilion x360 15-cr0037wm
Pavilion x360 15-cr0051cl
Pavilion x360 15-cr0053wm
Pavilion x360 15-cr0075nr
Pavilion x360 15-cr0076nr
Pavilion x360 15-cr0077nr
Pavilion x360 15-cr0078nr
Pavilion x360 15-cr0081cl
Pavilion x360 15-cr0079nr
Pavilion x360 15-cr0083cl
Pavilion x360 15-cr0085cl
Pavilion x360 15-cr0088cl
and more",,,299.95
HD Touchscreen Assembly for HP Pavilion x360 15-cr0056wm 15-cr0087cl L20826-001 L20827-001,Replacement Laptop LCD LED Screen Display Monitor,,"L20826-001, L20827-001",,"Pavilion x360 15-cr0009ca
Pavilion x360 15-cr0035nr
Pavilion x360 15-cr0095nr
Pavilion x360 15-cr0056wm
Pavilion x360 15-cr0087cl
and more",,,299.95
Touchscreen for Pavilion 15-cw0055nr 15-cw0075nr 15-cw0088nr L29687-001 L29684-001,Replacement Laptop LCD LED Screen Display Monitor,,"L29687-001, L29684-001",,"Pavilion 15-cw0007ca
Pavilion 15-cw0010ca
Pavilion 15-cw0017ca
Pavilion 15-cw0020ca
Pavilion 15-cw0027ca
Pavilion 15-cw0030ca
Pavilion 15-cw0040ca
Pavilion 15-cw0055nr
Pavilion 15-cw0060ca
Pavilion 15-cw0061nr
Pavilion 15-cw0062nr
Pavilion 15-cw0064cl
Pavilion 15-cw0075nr
Pavilion 15-cw0085nr
Pavilion 15-cw0088nr
Pavilion 15-cw0097ca
Pavilion 15-cw1015cl
Pavilion 15-cw1085nr
and more",,,199.95
FHD Touchscreen for HP Pavilion 15-cs0042nr 15-cs0051cl 15-cs0052cl L25333-001,Replacement Laptop LCD LED Screen Display Monitor,,L25333-001,,"Pavilion 15-cs0003ca
Pavilion 15-cs0008ca
Pavilion 15-cs0010ds
Pavilion 15-cs0024cl
Pavilion 15-cs0025cl
Pavilion 15-cs0032cl
Pavilion 15-cs0034cl
Pavilion 15-cs0041nr
Pavilion 15-cs0042cl
Pavilion 15-cs0042nr
Pavilion 15-cs0052cl
Pavilion 15-cs0053cl
Pavilion 15-cs0064cl
Pavilion 15-cs0069nr
Pavilion 15-cs0073cl
Pavilion 15-cs0079nr
Pavilion 15-cs0085cl
Pavilion 15-cs0093ca
Pavilion 15-cs1065cl
Pavilion 15-cs2021cl
Pavilion 15-cs2073cl
Pavilion 15-cs2073nr
Pavilion 15-cs2079nr",,,199.95
HD Touchscreen for HP Pavilion 15-cs0012cl 15-cs0022cl 15-cs0061cl L25330-001,Replacement Laptop LCD LED Screen Display Monitor,,L25330-001,,"Pavilion 15-cr0009ca
Pavilion 15-cr0035nr
Pavilion 15-cr0095nr
Pavilion 15-cs0012cl
Pavilion 15-cs0022cl
Pavilion 15-cs0051wm
Pavilion 15-cs0061cl
Pavilion 15-cs0072wm
Pavilion 15-cs0082cl
Pavilion 15-cs0083cl
Pavilion 15-cs1063cl
Pavilion 15-cs2010nr
Pavilion 15-cs2076nr",,,199.95
New LCD Cable for Lenovo ThinkPad P52 01YU235 01YU236 01YU237 01YU238,Replacement Laptop LCD LED Screen Display Monitor,,"01YU235, 01YU236 (for FHD screen)
01YU237, 01YU238 (for UHD screen)",,"ThinkPad P52 (20M9, 20MA)",,,49.95
NEW FHD Screen for Lenovo 01YN145 01YN139 00NY692 01YN174 00NY687 5D10X81512 5D11B60448 5D11B80739,Replacement Laptop LCD LED Screen Display Monitor,"01YN139
01YN145
5D11B60448","00NY687
00NY692
01YN174
5D10X81512
5D10X81513
5D10X81514
5D10X81518
5D11B07672
5D11B60448
5D11B80739
5D11B81383
5D11F28685
5D11J81138",,"Legion 5 15ACH6
Legion 5 15ACH6A
Legion 5 15ARH05
Legion 5 15ARH05H
Legion 5 15ARH7
Legion 5 15ARH7H
Legion 5 15IAH7
Legion 5 15IAH7H
Legion 5 15IMH05
Legion 5 15IMH6
Legion 5 15ITH6
Legion 5 15ITH6H
Legion 5 17ACH6
Legion 5 17ITH6
Legion 5 17ITH6H
Legion 5P 15ARH05H
Legion S7 15ARH5
Legion S7 15IMH5
ThinkPad E15 Gen 2
ThinkPad E15 Gen 3
ThinkPad E15 Gen 4
ThinkPad P1 Gen 1
ThinkPad P1 Gen 2
ThinkPad P1 Gen 3
ThinkPad P15 Gen 1
ThinkPad P15 Gen 2
ThinkPad P15v Gen 2
ThinkPad P15v Gen 3
ThinkPad P52
ThinkPad P53
ThinkPad T15G Gen 1
ThinkPad T15G Gen 2
ThinkPad T15P Gen 2
ThinkPad T15P Gen 3
ThinkPad X1 Extreme Gen 1
ThinkPad X1 Extreme Gen 2
ThinkPad X1 Extreme Gen 3",,,139.95
FHD Touchscreen Assembly for HP EliteBook 745 G5 840 G5 L18313-001,Replacement Laptop LCD LED Screen Display Monitor,,,,,,,299.95
FHD Touchscreen Assembly for HP EliteBook 830 G5 735 G5 L14395-001,Replacement Laptop LCD LED Screen Display Monitor,,,,,,,229.95
FHD IPS Screen for ASUS ZenBook 14 UX433FA UX433FN,Replacement Laptop LCD LED Screen Display Monitor,,,,"ASUS ZenBook 14 UX433FA
ASUS ZenBook 14 UX433FN
ASUS ZenBook 14 UX433FA-DH74
ASUS ZenBook 14 UX433FN-A5080T
ASUS ZenBook 14 UX433FN-A5021R
ASUS ZenBook 14 UX433FN-A6052T
and more",,,199.95
New FHD IPS Screen for HP EliteBook 840 G5 L14383-001,Replacement Laptop LCD LED Screen Display Monitor,,,,,,,149.95
FHD Screen for HP EliteBook 830 G5 735 G5 L14387-001 L14390-001,Replacement Laptop LCD LED Screen Display Monitor,,,,,,,169.95
Genuine Touchscreen for Lenovo ThinkPad T480 T480s 00NY691 01LW092 01LW393 01YN116 01YU650,Replacement Laptop LCD LED Screen Display Monitor,,,,"ThinkPad T480s (20L7, 20L8)
ThinkPad T480 (20L5, 20L6)
ThinkPad T470s
ThinkPad T470",,,199.95
Original Touchscreen for Lenovo ThinkPad T480s T480 R140NWF5 R6 00NY686 01YU641,Replacement Laptop LCD LED Screen Display Monitor,"00NY686, SD10M68000
01YU641, SD10R13086
R140NWF5 R6",,,"ThinkPad T480s (20L7, 20L8)
ThinkPad T480 (20L5, 20L6)",,,199.99
Original Touchscreen Assembly for Lenovo Yoga 730-13IKB 730-13IWL 5D10Q89746,Replacement Laptop LCD LED Screen Display Monitor,,5D10Q89746,,"Lenovo Yoga 730-13IKB
Lenovo Yoga 730-13IWL",,,299.99
Touchscreen Assembly for Lenovo Miix 720-12IKB 5D10M65391,Replacement Laptop LCD LED Screen Display Monitor,5D10M65391,,,Lenovo Miix 720-12IKB,,,299.99
FHD Touchscreen Assembly for Lenovo Yoga 920-13IKB 5D10P54228,Replacement Laptop LCD LED Screen Display Monitor,,"5D10P54228, ST140SM023AKF, 5D10N41202",,"Lenovo Yoga 920-13IKB
Lenovo Yoga 920-13IKB Glass",,,299.99
4K UHD Touchscreen Assembly for Lenovo Yoga 920-13IKB 5D10P54227,Replacement Laptop LCD LED Screen Display Monitor,,"5D10P54227, 5D10N00337, ST140SM023BKF",,"Lenovo Yoga 920-13IKB
Lenovo Yoga 920-13IKB Glass",,,399.95
New LCD Hinge for Lenovo ThinkPad T480s 01EN970 01EN971,Replacement Laptop LCD LED Screen Display Monitor,,"01EN970
01EN971",,"Models
Lenovo ThinkPad T480 (20L7, 20L8)",,,29.99
New LCD Hinges for Lenovo ThinkPad T480 01YR496 01YR497,Replacement Laptop LCD LED Screen Display Monitor,,"01YR496
01YR497",,"Models
Lenovo ThinkPad T480 (20L5, 20L6)",,,19.99
"New WQHD Screen for Lenovo ThinkPad T480, T480s, X1 Carbon 00NY681 B140QAN02.3",Replacement Laptop LCD LED Screen Display Monitor,,"FRU 00NY681
P/N SD10M67992
Model B140QAN02.3",,"ThinkPad X1 Carbon 5th Gen 2017 (20HQ, 20HR, 20K3, 20K4)
ThinkPad X1 Carbon 6th Gen 2018 (20KG, 20KH)
ThinkPad X1 Carbon 7th Gen 2019 (20QD, 20QE, 20R1, 20R2)
ThinkPad X1 Carbon 8th Gen 2020 (20U9, 20UA)
ThinkPad T480 (20L5, 20L6)
ThinkPad T480s (20L7, 20L8)",,,199.99
WQHD Screen for ThinkPad T490 T490s X1 Carbon 6th 00NY679 B140QAN02.0 00NY680 LPM140M420,Replacement Laptop LCD LED Screen Display Monitor,,"00NY679, B140QAN02.0
00NY680, LPM140M420",,"ThinkPad X1 Carbon 6th Gen (20KG, 20KH)
ThinkPad T490 (20N2, 20N3, 20Q9, 20QH, 20RX, 20RY)
ThinkPad T490s (20NX, 20NY)",,,189.99
144HZ FHD IPS screen for HP Omen 15-DC L24376-001,Replacement Laptop LCD LED Screen Display Monitor,,L24376-001,,"Omen 15-dc0000no
Omen 15-dc0001na
Omen 15-dc0003na
Omen 15-dc0003no
Omen 15-dc0007no
Omen 15-dc0008no
Omen 15-dc0010no
Omen 15-dc0011no
Omen 15-dc0013no
Omen 15-dc0022na
Omen 15-dc0029na
Omen 15-dc0087nr
Omen 15-dc0096nd
Omen 15-dc0501na
Omen 15-dc0508na
Omen 15-dc0522na
Omen 15-dc0597nd
Omen 15-dc0598nd
Omen 15-dc0803no
Omen 15-dc0804no
Omen 15-dc0805no
Omen 15-dc0975nd
Omen 15-dc0980nd
Omen 15-dc0982nd
and more",,,239.95
FHD IPS Non-Touchscreen for Asus ZenBook S UX391UA UX391UA-XB71-R,Replacement Laptop LCD LED Screen Display Monitor,,,,"ASUS ZenBook S UX391UA
ASUS ZenBook S UX391UA-XB71-R
ASUS Zenbook S UX391UA-ET038R
ASUS Zenbook S UX391UA-EG022T",,,189.95
FHD IPS Screen for Asus ZenBook UX430UA UX430UN UX430UQ UX430UA-DH74,Replacement Laptop LCD LED Screen Display Monitor,,,,"Asus ZenBook UX430UA
Asus ZenBook UX430UA-BH51
Asus ZenBook UX430UA-BS51
Asus ZenBook UX430UA-DB71
Asus ZenBook UX430UA-DH74
Asus ZenBook UX430UA-PURE2
Asus ZenBook UX430UA-Q52S-CB
Asus ZenBook UX430UA-RH31-CB
Asus ZenBook UX430UN
Asus ZenBook UX430UN-GV SERIES
Asus ZenBook UX430UN-NB71
Asus ZenBook UX430UQ
Asus ZenBook UX430UQ-BS51
Asus ZenBook UX430UQ-GV SERIES
Asus ZenBook UX430UQ-PURE1
Asus ZenBook UX430UQ-PURE2
Asus ZenBook UX430UQ-PURE4
Asus ZenBook UX430UQ-PURE7
Asus ZenBook UX430UQ-Q72SP-CB",,,199.99
New FHD IPS screen for Dell Latitude 7390 F7VDJ 0F7VDJ,Replacement Laptop LCD LED Screen Display Monitor,,"F7VDJ, 0F7VDJ",,Dell Latitude 7390,,,179.95
FHD IPS screen for ASUS Zenbook 13 UX331UA UX331UN UX331FN UX331UAL 72% NTSC,Replacement Laptop LCD LED Screen Display Monitor,,,,"ASUS ZenBook 13 UX331FAL
ASUS ZenBook 13 UX331FN
ASUS ZenBook 13 UX331UA
ASUS ZenBook 13 UX331UA-AS51
ASUS ZenBook 13 UX331UA-DS71
ASUS ZenBook 13 UX331UA-EG060T
ASUS ZenBook 13 UX331UAL
ASUS ZenBook 13 UX331UN
ASUS ZenBook 13 UX331UN-EG006T
ASUS ZenBook 13 UX331UN-EG008T
ASUS ZenBook 13 UX331UN-WS51T
and more",,,189.95
LCD Hinge for Asus ZenBook UX430UA UX430UN UX430UQ UX430UA-DH74,Replacement Laptop LCD LED Screen Display Monitor,,,,"Asus ZenBook UX430UA
Asus ZenBook UX430UA-BH51-CB
Asus ZenBook UX430UA-BS51
Asus ZenBook UX430UA-DB71
Asus ZenBook UX430UA-DH74
Asus ZenBook UX430UA-PURE2
Asus ZenBook UX430UA-Q52S-CB
Asus ZenBook UX430UA-RH31-CB
Asus ZenBook UX430UN
Asus ZenBook UX430UN-GV SERIES
Asus ZenBook UX430UN-NB71
Asus ZenBook UX430UQ
Asus ZenBook UX430UQ-BS51
Asus ZenBook UX430UQ-GV SERIES
Asus ZenBook UX430UQ-PURE1
Asus ZenBook UX430UQ-PURE2
Asus ZenBook UX430UQ-PURE4
Asus ZenBook UX430UQ-PURE7
Asus ZenBook UX430UQ-Q72SP-CB",,,39.99
LCD Back Cover for Asus ZenBook UX330UA UX330UA-AH54 UX330UA-AH55 13NB0CW1AM0102,Replacement Laptop LCD LED Screen Display Monitor,,13NB0CW1AM0102,,"Asus ZenBook UX330UA
Asus ZenBook UX330UA-AH54
Asus ZenBook UX330UA-AH55
Asus ZenBook UX330UA-AH5Q
Asus ZenBook UX330UA-DS74",,,49.99
QHD+ IPS Screen for Asus ZenBook UX330UA UX330UA-AH5Q UX330CA 3200×1800,Replacement Laptop LCD LED Screen Display Monitor,,,,"Asus ZenBook UX330CA
Asus ZenBook UX330CA-FB SERIES
ASUS ZenBook UX330CA-FB105T
Asus ZenBook UX330CA-FC SERIES
Asus ZenBook UX330CA-PURE4
Asus ZenBook UX330UA
Asus ZenBook UX330UA-AH5Q",,,239.95
FHD IPS Screen for Asus ZenBook UX330UA UX330CA UX330UA-AH54 UX330UA-AH55,Replacement Laptop LCD LED Screen Display Monitor,,,,"Asus ZenBook UX330CA
Asus ZenBook UX330CA-FB SERIES
ASUS ZenBook UX330CA-FB105T
Asus ZenBook UX330CA-FC SERIES
Asus ZenBook UX330CA-PURE1
Asus ZenBook UX330CA-PURE4
Asus ZenBook UX330CA-RHM1
Asus ZenBook UX330UA
Asus ZenBook UX330UA-AH54
Asus ZenBook UX330UA-AH55",,,189.99
LCD Cable for Asus ZenBook Flip UX360CA-UBM1T UHM1T UBM2T 14005-02010000 DD0BKDLC000,Replacement Laptop LCD LED Screen Display Monitor,"14005-02010000
DD0BKDLC000",,,"ASUS ZenBook Flip UX360CA
ASUS ZenBook Flip UX360CA-DBM2T
ASUS ZenBook Flip UX360CA-AH51T
ASUS ZenBook Flip UX360CA-UBM1T
ASUS ZenBook Flip UX360CA-UBM2T
ASUS ZenBook Flip UX360CA-UHM1T",,,39.99
HD+ Screen for HP 17-AK 17-BS 910136-003 910136-004,Replacement Laptop LCD LED Screen Display Monitor,,"910136-003
910136-004",,"17-ak010nr
17-ak012nr
17-ak013dx
17-ak051nr
17-ak061nr
17-ak064nr
17-ak092cl
17-ak072cl
17-ak094cl
17-ak096cl
17-bs008ca
17-bs010ca
17-bs010nr
17-bs011dx
17-bs013cy
17-bs018ca
17-bs018cl
17-bs019dx
17-bs020nr
17-bs022ca
17-bs022cy
17-bs025cl
17-bs027cy
17-bs028cy
17-bs037cl
17-bs038cl
17-bs043cl
17-bs049dx
17-bs055nr
17-bs057cl
17-bs067cl
17-bs069nr
17-bs072nr
17-bs077cl
17-bs078cl
17-bs088cl
17-bs097cl
17-bs153cl
17-bs058cl
17-bs068cl
and more",,,189.95
HD+ Screen for HP 17-AK 17-BS 851051-005 851051-006,Replacement Laptop LCD LED Screen Display Monitor,,"851051-005
851051-006",,"17-ak010nr
17-ak012nr
17-ak013dx
17-ak051nr
17-ak061nr
17-ak064nr
17-ak092cl
17-ak072cl
17-ak094cl
17-ak096cl
17-bs008ca
17-bs010ca
17-bs010nr
17-bs011dx
17-bs013cy
17-bs018ca
17-bs018cl
17-bs019dx
17-bs020nr
17-bs022ca
17-bs022cy
17-bs025cl
17-bs027cy
17-bs028cy
17-bs037cl
17-bs038cl
17-bs043cl
17-bs049dx
17-bs055nr
17-bs057cl
17-bs067cl
17-bs069nr
17-bs072nr
17-bs077cl
17-bs078cl
17-bs088cl
17-bs097cl
17-bs153cl
17-bs058cl
17-bs068cl
and more",,,189.95
FHD IPS screen for HP Omen 15-DC0051nr 15-DC0030nr L24374-001,Replacement Laptop LCD LED Screen Display Monitor,,L24374-001,,"Omen 15-dc0000nd
Omen 15-dc0001no
Omen 15-dc0003nd
Omen 15-dc0006no
Omen 15-dc0009no
Omen 15-dc0010nr
Omen 15-dc0012no
Omen 15-dc0015no
Omen 15-dc0020nr
Omen 15-dc0024cl
Omen 15-dc0025ca
Omen 15-dc0030na
Omen 15-dc0030nr
Omen 15-dc0051nr
Omen 15-dc0085nr
Omen 15-dc0086nr
Omen 15-dc0091cl
Omen 15-dc0507na
Omen 15-dc0799no
Omen 15-dc0096nr
Omen 15-dc0850nd
Omen 15-dc0977nd
and more",,,199.99
UHD IPS screen for HP Omen 15-DC L24378-001,Replacement Laptop LCD LED Screen Display Monitor,,L24378-001,,,,,199.99
New LCD Cable for HP Omen 15-ce 929451-001,Replacement Laptop LCD LED Screen Display Monitor,,929451-001,,"Omen 15-ce000nd
Omen 15-ce001na
Omen 15-ce003na
Omen 15-ce004na
Omen 15-ce006na
Omen 15-ce008ca
Omen 15-ce010ca
Omen 15-ce011dx
Omen 15-ce011na
Omen 15-ce012na
Omen 15-ce013na
Omen 15-ce014na
Omen 15-ce015dx
Omen 15-ce016na
Omen 15-ce017na
Omen 15-ce018dx
Omen 15-ce019dx
Omen 15-ce019na
Omen 15-ce020ca
Omen 15-ce020na
Omen 15-ce021na
Omen 15-ce022na
Omen 15-ce023na
Omen 15-ce024na
Omen 15-ce027nd
Omen 15-ce030ca
Omen 15-ce032nd
Omen 15-ce041nd
Omen 15-ce051nr
Omen 15-ce054na
Omen 15-ce054nd
Omen 15-ce056na
Omen 15-ce060nd
Omen 15-ce061nd
Omen 15-ce062nd
Omen 15-ce080nd
Omen 15-ce081nd
Omen 15-ce096nd
Omen 15-ce198wm
Omen 15-ce199nr
and more",,,49.89
New LCD Hinge for HP Omen 15-ce 929464-001,Replacement Laptop LCD LED Screen Display Monitor,,929464-001,,"Omen 15-ce000nd
Omen 15-ce001na
Omen 15-ce003na
Omen 15-ce004na
Omen 15-ce006na
Omen 15-ce008ca
Omen 15-ce010ca
Omen 15-ce011dx
Omen 15-ce011na
Omen 15-ce012na
Omen 15-ce013na
Omen 15-ce014na
Omen 15-ce015dx
Omen 15-ce016na
Omen 15-ce017na
Omen 15-ce018dx
Omen 15-ce019dx
Omen 15-ce019na
Omen 15-ce020ca
Omen 15-ce020na
Omen 15-ce021na
Omen 15-ce022na
Omen 15-ce023na
Omen 15-ce024na
Omen 15-ce027nd
Omen 15-ce030ca
Omen 15-ce032nd
Omen 15-ce041nd
Omen 15-ce051nr
Omen 15-ce054na
Omen 15-ce054nd
Omen 15-ce056na
Omen 15-ce060nd
Omen 15-ce061nd
Omen 15-ce062nd
Omen 15-ce080nd
Omen 15-ce081nd
Omen 15-ce096nd
Omen 15-ce198wm
Omen 15-ce199nr
and more",,,59.95
FHD IPS LCD Screen for HP Omen 15-ce 752920-019,Replacement Laptop LCD LED Screen Display Monitor,,752920-019,,"Omen 15-ce000nd
Omen 15-ce001na
Omen 15-ce003na
Omen 15-ce004na
Omen 15-ce006na
Omen 15-ce008ca
Omen 15-ce010ca
Omen 15-ce011dx
Omen 15-ce011na
Omen 15-ce012na
Omen 15-ce013na
Omen 15-ce014na
Omen 15-ce015dx
Omen 15-ce016na
Omen 15-ce017na
Omen 15-ce018dx
Omen 15-ce019dx
Omen 15-ce019na
Omen 15-ce020ca
Omen 15-ce020na
Omen 15-ce021na
Omen 15-ce022na
Omen 15-ce023na
Omen 15-ce024na
Omen 15-ce027nd
Omen 15-ce030ca
Omen 15-ce032nd
Omen 15-ce041nd
Omen 15-ce051nr
Omen 15-ce054na
Omen 15-ce054nd
Omen 15-ce056na
Omen 15-ce060nd
Omen 15-ce061nd
Omen 15-ce062nd
Omen 15-ce080nd
Omen 15-ce081nd
Omen 15-ce096nd
Omen 15-ce198wm
Omen 15-ce199nr
and more",,,189.95
FHD Touchscreen Assembly for Spectre x360 13-ae015dx 13-ae012dx 13-ae011dx L02542-001 942848-001 L07270-001,Replacement Laptop LCD LED Screen Display Monitor,,"L02542-001
942848-001
L07270-001",,"Spectre x360 13-ae010ca
Spectre x360 13-ae011dx
Spectre x360 13-ae012dx
Spectre x360 13-ae014dx
Spectre x360 13-ae015ca
Spectre x360 13-ae015dx
Spectre x360 13-ae020ca
Spectre x360 13-ae040ca
Spectre x360 13-ae050ca
Spectre x360 13-ae051nr
Spectre x360 13-ae052nr
Spectre x360 13-ae055nr
Spectre x360 13-ae088ca
Spectre x360 13-ae091ms
and more",,,259.95
UHD Touchscreen Assembly for HP Spectre x360 13-ae013dx 13-ae030ca 942849-001 L02543-001,Replacement Laptop LCD LED Screen Display Monitor,,"942849-001
L02543-001",,"Spectre x360 13-ae003na
Spectre x360 13-ae004na
Spectre x360 13-ae005na
Spectre x360 13-ae006na
Spectre x360 13-ae013dx
Spectre x360 13-ae015nd
Spectre x360 13-ae030ca
Spectre x360 13-ae053na
Spectre x360 13-ae054na
Spectre x360 13-ae055na
Spectre x360 13-ae097na
and more",,,299.95
FHD Touchscreen Assembly for HP Spectre x360 13-ae011dx 13-ae012dx 13-ae014dx 13-ae052nr 942848-001,Replacement Laptop LCD LED Screen Display Monitor,,942848-001,,"Spectre x360 13-ae010ca
Spectre x360 13-ae011dx
Spectre x360 13-ae012dx
Spectre x360 13-ae014dx
Spectre x360 13-ae015ca
Spectre x360 13-ae020ca
Spectre x360 13-ae051nr
Spectre x360 13-ae052nr
Spectre x360 13-ae088ca
Spectre x360 13-ae091ms
and more",,,329.95
LCD Cable for HP Pavilion x360 15-bk 808240-001 450.06P01.0001,Replacement Laptop LCD LED Screen Display Monitor,,"808240-001
450.06P01.0001",,"Pavilion x360 15-bk000no
Pavilion x360 15-bk001ds
Pavilion x360 15-bk002cy
Pavilion x360 15-bk002ds
Pavilion x360 15-bk003cy
Pavilion x360 15-bk003ds
Pavilion x360 15-bk004no
Pavilion x360 15-bk006na
Pavilion x360 15-bk009na
Pavilion x360 15-bk010nr
Pavilion x360 15-bk015nr
Pavilion x360 15-bk020wm
Pavilion x360 15-bk021nr
Pavilion x360 15-bk027cl
Pavilion x360 15-bk056na
Pavilion x360 15-bk056sa
Pavilion x360 15-bk057na
Pavilion x360 15-bk057sa
Pavilion x360 15-bk060na
Pavilion x360 15-bk060sa
Pavilion x360 15-bk062na
Pavilion x360 15-bk062sa
Pavilion x360 15-bk074nr
Pavilion x360 15-bk075nr
Pavilion x360 15-bk076nr
and more",,,29.95
FHD Touchscreen Assembly for HP Pavilion x360 15-bk 862643-001,Replacement Laptop LCD LED Screen Display Monitor,,862643-001,,"Pavilion x360 15-bk009na
Pavilion x360 15-bk010nr
Pavilion x360 15-bk027cl
Pavilion x360 15-bk056na
Pavilion x360 15-bk056sa
Pavilion x360 15-bk057na
Pavilion x360 15-bk057sa
Pavilion x360 15-bk060na
Pavilion x360 15-bk060sa
Pavilion x360 15-bk062na
Pavilion x360 15-bk062sa
Pavilion x360 15-bk100na
Pavilion x360 15-bk101na
Pavilion x360 15-bk102na
Pavilion x360 15-bk117cl
Pavilion x360 15-bk127cl
Pavilion x360 15-bk137cl
Pavilion x360 15-bk150na
Pavilion x360 15-bk150sa
Pavilion x360 15-bk151nr
Pavilion x360 15-bk152na
Pavilion x360 15-bk152sa
Pavilion x360 15-bk153nr
Pavilion x360 15-bk193ms
and more",,,249.95
Original HD Touchscreen Assembly for HP Pavilion x360 15-bk 862644-001,Replacement Laptop LCD LED Screen Display Monitor,,862644-001,,"Pavilion x360 15-bk000no
Pavilion x360 15-bk001ds
Pavilion x360 15-bk002cy
Pavilion x360 15-bk002ds
Pavilion x360 15-bk003cy
Pavilion x360 15-bk003ds
Pavilion x360 15-bk004no
Pavilion x360 15-bk006na
Pavilion x360 15-bk015nr
Pavilion x360 15-bk020wm
Pavilion x360 15-bk021nr
Pavilion x360 15-bk074nr
Pavilion x360 15-bk075nr
Pavilion x360 15-bk076nr
Pavilion x360 15-bk103na
Pavilion x360 15-bk104na
Pavilion x360 15-bk105na
Pavilion x360 15-bk152nr
Pavilion x360 15-bk157cl
Pavilion x360 15-bk163dx
Pavilion x360 15-bk167cl
Pavilion x360 15-bk168cl
Pavilion x360 15-bk177cl
and more",,,229.95
"Complete FHD Touchscreen Assembly for HP Spectre x360 13-ac013dx, Spectre x360 13-ac023dx 918030-001",Replacement Laptop LCD LED Screen Display Monitor,"number
918030-001",,,"Spectre x360 13-ac000nd
Spectre x360 13-ac001na
Spectre x360 13-ac002na
Spectre x360 13-ac003na
Spectre x360 13-ac004na
Spectre x360 13-ac010ca
Spectre x360 13-ac010na
Spectre x360 13-ac011na
Spectre x360 13-ac011nd
Spectre x360 13-ac013dx
Spectre x360 13-ac020ca
Spectre x360 13-ac023dx
Spectre x360 13-ac030ca
Spectre x360 13-ac040ca
Spectre x360 13-ac041nd
Spectre x360 13-ac050ca
Spectre x360 13-ac051na
Spectre x360 13-ac051nr
Spectre x360 13-ac052na
Spectre x360 13-ac054na
Spectre x360 13-ac075nr
Spectre x360 13-ac076nr
Spectre x360 13-ac080nd
Spectre x360 13-ac092ms
and more",,,299.95
Touchscreen Assembly for HP Spectre x360 13-w023dx 13-w063nr 13-w053nr 907334-001,Replacement Laptop LCD LED Screen Display Monitor,,"number
907334-001",,"Spectre x360 13-w005na
Spectre x360 13-w010ca
Spectre x360 13-w013dx
Spectre x360 13-w020ca
Spectre x360 13-w023dx
Spectre x360 13-w025nd
Spectre x360 13-w030nd
Spectre x360 13-w053nr
Spectre x360 13-w055nr
Spectre x360 13-w063nr
and more",,,199.95
LCD Hinge for HP Pavilion 15-CC 15-CD 926852-001,Replacement Laptop LCD LED Screen Display Monitor,,926852-001,,"Pavilion 15-cc010nr
Pavilion 15-cc018ca
Pavilion 15-cc020nr
Pavilion 15-cc023cl
Pavilion 15-cc034cl
Pavilion 15-cc044cl
Pavilion 15-cc050wm
Pavilion 15-cc051wm
Pavilion 15-cc057cl
Pavilion 15-cc058nr
Pavilion 15-cc059nr
Pavilion 15-cc060wm
Pavilion 15-cc063nr
Pavilion 15-cc064nr
Pavilion 15-cc065nr
Pavilion 15-cc066nr
Pavilion 15-cc067cl
Pavilion 15-cc112cl
Pavilion 15-cc114cl
Pavilion 15-cc116cl
Pavilion 15-cc123cl
Pavilion 15-cc154cl
Pavilion 15-cc158nr
Pavilion 15-cc159nr
Pavilion 15-cc178cl
Pavilion 15-cc183cl
Pavilion 15-cc184cl
Pavilion 15-cc187cl
Pavilion 15-cc195cl
Pavilion 15-cc510nr
Pavilion 15-cc523ca
Pavilion 15-cc553cl
Pavilion 15-cc554nr
Pavilion 15-cc555nr
Pavilion 15-cc563nr
Pavilion 15-cc564nr
Pavilion 15-cc565nr
Pavilion 15-cc566nr
Pavilion 15-cc567nr
Pavilion 15-cc593ca
Pavilion 15-cc610ds
Pavilion 15-cc611ds
Pavilion 15-cc612ds
Pavilion 15-cc613ds
Pavilion 15-cc614ds
Pavilion 15-cc664cl
Pavilion 15-cc665cl
Pavilion 15-cd001ca
Pavilion 15-cd001ds
Pavilion 15-cd002ca
Pavilion 15-cd002ds
Pavilion 15-cd003ca
Pavilion 15-cd004ca
Pavilion 15-cd007ca
Pavilion 15-cd022cl
Pavilion 15-cd024cl
Pavilion 15-cd026cl
Pavilion 15-cd040wm
Pavilion 15-cd042nr
Pavilion 15-cd051nr
Pavilion 15-cd067ca
Pavilion 15-cd072cl
Pavilion 15-cd072nr
Pavilion 15-cd075nr
and more",,,39.95
"LCD Cable for HP Pavilion 15-CC 15-CD 926837-001, DDG74ALC411",Replacement Laptop LCD LED Screen Display Monitor,,"926837-001, DDG74ALC411",,"Pavilion 15-cc010nr
Pavilion 15-cc018ca
Pavilion 15-cc020nr
Pavilion 15-cc023cl
Pavilion 15-cc034cl
Pavilion 15-cc044cl
Pavilion 15-cc050wm
Pavilion 15-cc051wm
Pavilion 15-cc057cl
Pavilion 15-cc058nr
Pavilion 15-cc059nr
Pavilion 15-cc060wm
Pavilion 15-cc063nr
Pavilion 15-cc064nr
Pavilion 15-cc065nr
Pavilion 15-cc066nr
Pavilion 15-cc067cl
Pavilion 15-cc112cl
Pavilion 15-cc114cl
Pavilion 15-cc116cl
Pavilion 15-cc123cl
Pavilion 15-cc154cl
Pavilion 15-cc158nr
Pavilion 15-cc159nr
Pavilion 15-cc178cl
Pavilion 15-cc183cl
Pavilion 15-cc184cl
Pavilion 15-cc187cl
Pavilion 15-cc195cl
Pavilion 15-cc510nr
Pavilion 15-cc523ca
Pavilion 15-cc553cl
Pavilion 15-cc554nr
Pavilion 15-cc555nr
Pavilion 15-cc563nr
Pavilion 15-cc564nr
Pavilion 15-cc565nr
Pavilion 15-cc566nr
Pavilion 15-cc567nr
Pavilion 15-cc593ca
Pavilion 15-cc610ds
Pavilion 15-cc611ds
Pavilion 15-cc612ds
Pavilion 15-cc613ds
Pavilion 15-cc614ds
Pavilion 15-cc664cl
Pavilion 15-cc665cl
Pavilion 15-cd001ca
Pavilion 15-cd001ds
Pavilion 15-cd002ca
Pavilion 15-cd002ds
Pavilion 15-cd003ca
Pavilion 15-cd004ca
Pavilion 15-cd007ca
Pavilion 15-cd022cl
Pavilion 15-cd024cl
Pavilion 15-cd026cl
Pavilion 15-cd040wm
Pavilion 15-cd042nr
Pavilion 15-cd051nr
Pavilion 15-cd067ca
Pavilion 15-cd072cl
Pavilion 15-cd072nr
Pavilion 15-cd075nr
and more",,,29.95
FHD LCD Cable for HP Envy x360 15m-bp011dx 15m-bp012dx 15m-bp112dx 15m-bp111dx 924323-001,Replacement Laptop LCD LED Screen Display Monitor,,"924323-001
450.0BX05.0001",,"Envy x360 15-bp000nb
Envy x360 15-bp004na
Envy x360 15-bp005na
Envy x360 15-bp006na
Envy x360 15-bp007na
Envy x360 15-bp010ca
Envy x360 15-bp018ca
Envy x360 15-bp023ca
Envy x360 15-bp030nd
Envy x360 15-bp051nr
Envy x360 15-bp053na
Envy x360 15-bp054na
Envy x360 15-bp100na
Envy x360 15-bp100nb
Envy x360 15-bp101na
Envy x360 15-bp101nb
Envy x360 15-bp102na
Envy x360 15-bp102nb
Envy x360 15-bp103na
Envy x360 15-bp103nb
Envy x360 15-bp104nb
Envy x360 15-bp107na
Envy x360 15-bp107nb
Envy x360 15-bp108ca
Envy x360 15-bp108nb
Envy x360 15-bp110nd
Envy x360 15-bp110nr
Envy x360 15-bp130nd
Envy x360 15-bp143cl
Envy x360 15-bp150na
Envy x360 15-bp151na
Envy x360 15-bp152nr
Envy x360 15-bp152wm
Envy x360 15-bp175nr
Envy x360 15-bp180nd
Envy x360 15-bp191nd
Envy x360 15-bp194cl
Envy x360 15-bp196nd
Envy x360 15m-bp011dx
Envy x360 15m-bp012dx
Envy x360 15m-bp111dx
Envy x360 15m-bp112dx
and more",,,29.99
LCD Back Cover for HP Envy x360 15m-bp011dx 15m-bp012dx 924344-001,Replacement Laptop LCD LED Screen Display Monitor,,924344-001,,"Envy x360 15-bp000nb
Envy x360 15-bp004na
Envy x360 15-bp005na
Envy x360 15-bp006na
Envy x360 15-bp007na
Envy x360 15-bp010ca
Envy x360 15-bp018ca
Envy x360 15-bp023ca
Envy x360 15-bp030nd
Envy x360 15-bp051nr
Envy x360 15-bp053na
Envy x360 15-bp054na
Envy x360 15-bp100na
Envy x360 15-bp100nb
Envy x360 15-bp101na
Envy x360 15-bp101nb
Envy x360 15-bp102na
Envy x360 15-bp102nb
Envy x360 15-bp103na
Envy x360 15-bp103nb
Envy x360 15-bp104nb
Envy x360 15-bp107na
Envy x360 15-bp107nb
Envy x360 15-bp108ca
Envy x360 15-bp108nb
Envy x360 15-bp110nd
Envy x360 15-bp110nr
Envy x360 15-bp130nd
Envy x360 15-bp143cl
Envy x360 15-bp150na
Envy x360 15-bp151na
Envy x360 15-bp152nr
Envy x360 15-bp152wm
Envy x360 15-bp175nr
Envy x360 15-bp180nd
Envy x360 15-bp191nd
Envy x360 15-bp194cl
Envy x360 15-bp196nd
Envy x360 15m-bp011dx
Envy x360 15m-bp012dx
and more",,,49.95
FHD Touchscreen Assembly for HP Envy x360 15m-bp112dx 15m-bp111dx 925736-001,Replacement Laptop LCD LED Screen Display Monitor,,925736-001,,"Envy x360 15-bp010ca
Envy x360 15-bp018ca
Envy x360 15-bp023ca
Envy x360 15-bp051nr
Envy x360 15-bp108ca
Envy x360 15-bp110nr
Envy x360 15-bp143cl
Envy x360 15-bp152nr
Envy x360 15-bp152wm
Envy x360 15-bp165cl
Envy x360 15-bp175nr
Envy x360 15-bp194cl
Envy x360 15m-bp011dx
Envy x360 15m-bp012dx
Envy x360 15m-bp111dx
Envy x360 15m-bp112dx
and more",,,199.99
UHD Touchscreen Assembly for HP Envy x360 15-bp165nr 924357-001,Replacement Laptop LCD LED Screen Display Monitor,,924357-001,,"Envy x360 15-bp165nr
Envy x360 15-bp106na
and more",,,299.95
FHD Touchscreen Assembly for HP Envy x360 m6-aq003dx m6-aq005dx m6-aq103dx m6-aq105dx 856811-001,Replacement Laptop LCD LED Screen Display Monitor,,,,"Envy x360 15-aq015nr
Envy x360 15-aq018ca
Envy x360 15-aq055na
Envy x360 15-aq103na
Envy x360 15-aq104na
Envy x360 15-aq110nr
Envy x360 15-aq118ca
Envy x360 15-aq120nr
Envy x360 15-aq123ca
Envy x360 15-aq155nr
Envy x360 15-aq156nr
Envy x360 15-aq160sa
Envy x360 15-aq165nr
Envy x360 15-aq166nr
Envy x360 15-aq173cl
Envy x360 15-aq193ms
Envy x360 m6-aq003dx
Envy x360 m6-aq005dx
Envy x360 m6-aq103dx
Envy x360 m6-aq105dx
and more",,,299.95
UHD Touchscreen Assembly for HP Envy x360 15-AQ M6-AQ 856812-001,Replacement Laptop LCD LED Screen Display Monitor,,,,"Envy x360 15-aq018ca
Envy x360 15-aq000nb
Envy x360 15-aq001na
Envy x360 15-aq005na
Envy x360 15-aq015nd
Envy x360 15-aq015nr
Envy x360 15-aq090na
Envy x360 15-aq100na
Envy x360 15-aq100nb
Envy x360 15-aq101na
Envy x360 15-aq101nb
Envy x360 15-aq102na
Envy x360 15-aq102nb
Envy x360 15-aq103na
Envy x360 15-aq103nb
Envy x360 15-aq104na
Envy x360 15-aq104nb
Envy x360 15-aq104ng
Envy x360 15-aq105nb
Envy x360 15-aq110nd
Envy x360 15-aq110nr
Envy x360 15-aq115nd
Envy x360 15-aq118ca
Envy x360 15-aq123ca
Envy x360 15-aq155nr
Envy x360 15-aq156nr
Envy x360 15-aq160sa
Envy x360 15-aq165nr
Envy x360 15-aq166nr
Envy x360 15-aq173cl
and more",,,299.95
UHD Complete Touchscreen Assembly for HP Envy 13-ad173cl 13-ad024cl 928479-001,Replacement Laptop LCD LED Screen Display Monitor,,,,"ENVY 13-ad024cl
ENVY 13-ad173cl
and more",,,299.95
FHD Complete Screen Assembly for HP Envy 13-ad065nr 928482-001 928474-001,Replacement Laptop LCD LED Screen Display Monitor,,,,"Envy 13-ad065nr
and more Envy 13-ad series  with an FHD non-touchscreen",,,299.95
FHD Complete Touchscreen Assembly for HP Envy 13-ad010nr 13-ad120nr 928478-001,Replacement Laptop LCD LED Screen Display Monitor,,,,"Envy 13-ad010nr
Envy 13-ad100ca
Envy 13-ad110ca
Envy 13-ad120nr
Envy 13-ad192ms
and more",,,299.95
Touchscreen Assembly for HP Envy X360 13-y013cl 13-y034cl 914608-001 906706-001,Replacement Laptop LCD LED Screen Display Monitor,,,,"Models
Envy x360 13-y013cl
Envy x360 13-y034cl
Envy x360 13-y044cl
Envy x360 13-y073nr
Envy x360 13-y084cl
Envy x360 13-y094cl
and more",,,289.95
4K UHD Touchscreen Assembly for HP Envy X360 13-y023cl 906707-001 914609-001,Replacement Laptop LCD LED Screen Display Monitor,,"906707-001
914609-001",,"Models
Envy x360 13-y023cl
and more",,,289.95
Touch LCD Cable for HP 15-BS 15-BW 924932-001 DC02002Y000,Replacement Laptop LCD LED Screen Display Monitor,,"924932-001
DC02002Y000",,"Models
256 G6
255 G6
15-bs siereis
15-bs001ca, 15-bs001cy, 15-bs001ds, 15-bs002cy, 15-bs002ds, 15-bs003cy, 15-bs003ds, 15-bs004cy, 15-bs004ds, 15-bs005cy, 15-bs005ds, 15-bs006cy, 15-bs006ds, 15-bs007cy, 15-bs007ds, 15-bs008ca, 15-bs008cy, 15-bs008ds, 15-bs009ca, 15-bs009cy, 15-bs009ds, 15-bs010cy, 15-bs010ds, 15-bs010nr, 15-bs011cy, 15-bs011ds, 15-bs012ca, 15-bs012cy, 15-bs012ds, 15-bs013cy, 15-bs013ds, 15-bs013dx, 15-bs014cy, 15-bs015cy, 15-bs015dx, 15-bs016cy, 15-bs016dx, 15-bs017ca, 15-bs017cy, 15-bs018cy, 15-bs019ca, 15-bs019cy, 15-bs020cy, 15-bs020nr, 15-bs020wm, 15-bs021cy, 15-bs021nr, 15-bs022ca, 15-bs022cy, 15-bs023ca, 15-bs023cy, 15-bs024cy, 15-bs025cy, 15-bs026cy, 15-bs027ca, 15-bs027cy, 15-bs028ca, 15-bs028cl, 15-bs028cy, 15-bs030nr, 15-bs033cl, 15-bs037nr, 15-bs038cl, 15-bs038dx, 15-bs045nr, 15-bs048cl, 15-bs058ca, 15-bs060wm, 15-bs065nr, 15-bs066nr, 15-bs067cl, 15-bs070wm, 15-bs071nr, 15-bs074nr, 15-bs075nr, 15-bs076nr, 15-bs077nr, 15-bs078cl, 15-bs078nr, 15-bs080ca, 15-bs080wm, 15-bs085nr, 15-bs086nr, 15-bs087cl, 15-bs087nr, 15-bs088nr, 15-bs113dx, 15-bs115dx, 15-bs131nr, 15-bs132nr, 15-bs158cl, 15-bs168cl, 15-bs178cl, 15-bs188cl, 15-bs197cl, 15-bs212wm, 15-bs234wm, 15-bs244wm
15-bw siereis",,,29.99
LCD Cable for HP 15-BS 15-BW 250 G6 924930-001 DC0200ZWZ00,Replacement Laptop LCD LED Screen Display Monitor,,"924930-001
DC0200ZWZ00",,"Models
250 G6
255 G6
15-bs001ca
15-bs001cy
15-bs001ds
15-bs002cy
15-bs002ds
15-bs003cy
15-bs003ds
15-bs004cy
15-bs004ds
15-bs005cy
15-bs005ds
15-bs006cy
15-bs006ds
15-bs007cy
15-bs007ds
15-bs008ca
15-bs008cy
15-bs008ds
15-bs009ca
15-bs009cy
15-bs009ds
15-bs010cy
15-bs010ds
15-bs010nr
15-bs011cy
15-bs011ds
15-bs012ca
15-bs012cy
15-bs012ds
15-bs013cy
15-bs013ds
15-bs013dx
15-bs014cy
15-bs015cy
15-bs015dx
15-bs016cy
15-bs016dx
15-bs017ca
15-bs017cy
15-bs018cy
15-bs019ca
15-bs019cy
15-bs020cy
15-bs020nr
15-bs020wm
15-bs021cy
15-bs021nr
15-bs022ca
15-bs022cy
15-bs023ca
15-bs023cy
15-bs024cy
15-bs025cy
15-bs026cy
15-bs027ca
15-bs027cy
15-bs028ca
15-bs028cl
15-bs028cy
15-bs030nr
15-bs033cl
15-bs037nr
15-bs038cl
15-bs038dx
15-bs045nr
15-bs048cl
15-bs058ca
15-bs060wm
15-bs065nr
15-bs066nr
15-bs067cl
15-bs070wm
15-bs071nr
15-bs074nr
15-bs075nr
15-bs076nr
15-bs077nr
15-bs078cl
15-bs078nr
15-bs080ca
15-bs080wm
15-bs085nr
15-bs086nr
15-bs087cl
15-bs087nr
15-bs088nr
15-bs113dx
15-bs115dx
15-bs131nr
15-bs132nr
15-bs158cl
15-bs168cl
15-bs178cl
15-bs188cl
15-bs197cl
15-bs212wm
15-bs234wm
15-bs244wm
15-bw series
and more",,,29.99
LCD Cable for Lenovo ThinkPad X280 01YN071 01YN072 01YN073,Replacement Laptop LCD LED Screen Display Monitor,,"01YN071, 01YN072, 01YN073",,"Lenovo ThinkPad X280 (20KE, 20KF)",,,39.95
FHD Touch Screen for Lenovo ThinkPad X280 X270 01HY494 01HY495,Replacement Laptop LCD LED Screen Display Monitor,,01HY494 01HY495,,"Lenovo ThinkPad X280 (20KE, 20KF)
Lenovo ThinkPad X270 (20HM, 20HN, 20K5, 20K6)",,,199.99
FHD LCD Screen for Lenovo ThinkPad X280 X270 01EN364 01EN365,Replacement Laptop LCD LED Screen Display Monitor,,"01EN364, 01EN365",,"Lenovo ThinkPad X280 (20KE, 20KF)
Lenovo ThinkPad X270",,,159.95
LCD Bezel Cover for Lenovo ThinkPad X280 w/ IR Camera Hole 01YN084,Replacement Laptop LCD LED Screen Display Monitor,,01YN084,,"Lenovo ThinkPad X280 (20KE, 20KF)",,,39.95
FHD LCD Bezel Cover for Lenovo ThinkPad X280 01YN083,Replacement Laptop LCD LED Screen Display Monitor,,01YN083,,"Lenovo ThinkPad X280 (20KE, 20KF)",,,39.95
FHD LCD Screen for Lenovo ThinkPad E480 E490 01LW085 01LW086 01LW087,Replacement Laptop LCD LED Screen Display Monitor,,,,"ThinkPad E480
ThinkPad E485
ThinkPad E490",,,179.99
HD Screen for Lenovo ThinkPad E480 E490 01LW082 01LW083 01LW084,Replacement Laptop LCD LED Screen Display Monitor,,"01LW082, 01LW083, 01LW084",,"ThinkPad E480
ThinkPad E485
ThinkPad E490",,,179.99
New FHD LCD Cable for Lenovo ThinkPad X1 Carbon 6th Gen 2018 01YR427,Replacement Laptop LCD LED Screen Display Monitor,,01YR427,,"Lenovo ThinkPad X1 Carbon Gen 6 2018 (20KG, 20KH)",,,39.99
New WQHD LCD Cable for Lenovo ThinkPad X1 Carbon 6th Gen 2018 01YR429,Replacement Laptop LCD LED Screen Display Monitor,,01YR429,,"Lenovo ThinkPad X1 Carbon Gen 6 2018 (20KG, 20KH)",,,39.99
LCD Bezel Cover for Lenovo ThinkPad X1 Carbon 6th Gen 01YR448,Replacement Laptop LCD LED Screen Display Monitor,,01YR448,,"Models
ThinkPad X1 Carbon Gen 6 (20KG, 20KH)",,,39.99
LCD Bezel Cover for Lenovo ThinkPad X1 Carbon 6th Gen 01YR450 w/ IR Camera Hole,Replacement Laptop LCD LED Screen Display Monitor,,01YR450,,"Models
ThinkPad X1 Carbon Gen 6 (20KG, 20KH)",,,49.99
IPS FHD Touchscreen for Lenovo ThinkPad T580 P52s 01YR205 01LW115 NV156FHM-T00,Replacement Laptop LCD LED Screen Display Monitor,,"01YR205, 01LW115, NV156FHM-T00",,"ThinkPad P52s (20LB, 20LC)
ThinkPad T580 (20L9, 20LA)",,,179.99
New LCD Cable for Lenovo ThinkPad T480 01YR501 01YR502 01YR503,Replacement Laptop LCD LED Screen Display Monitor,,"01YR501, 01YR502, 01YR503",,"Lenovo ThinkPad T480 (20L5, 20L6)",,,39.99
LCD Front Bezel Sheet for Lenovo ThinkPad T480 01YR487 01YR488,Replacement Laptop LCD LED Screen Display Monitor,,"01YR487, 01YR488",,Lenovo ThinkPad T480,,,29.95
LCD Rear Back Cover for Lenovo ThinkPad T480s 01YT300 01YT305 01YT310,Replacement Laptop LCD LED Screen Display Monitor,,"01YT300, 01YT305, 01YT310",,"Lenovo ThinkPad T480s (20L7, 20L8)",,,59.95
LCD Front Bezel for Lenovo ThinkPad T480s 01YN984 w/ IR Camera Hole,Replacement Laptop LCD LED Screen Display Monitor,,01YN984,,"Lenovo ThinkPad T480s (20L7, 20L8)",,,39.95
LCD Front Bezel for Lenovo ThinkPad T480s 01YN982,Replacement Laptop LCD LED Screen Display Monitor,,01YN982,,"Lenovo ThinkPad T480s (20L7, 20L8)",,,39.99
LCD Cable for Lenovo ThinkPad T480s 01YN994 01YN995 Touch,Replacement Laptop LCD LED Screen Display Monitor,01YN994 01YN995,,,"Lenovo ThinkPad T480s (20L7, 20L8)",,,39.95
FHD LCD Cable for Lenovo ThinkPad T480s 01YN993 Non-touch,Replacement Laptop LCD LED Screen Display Monitor,,,,"Lenovo ThinkPad T480s (20L7, 20L8)",,,29.95
New WQHD Screen for Lenovo ThinkPad T480 T480s X1 Carbon 00NY664 SD10M67949 LP140QH2-SPB1,Replacement Laptop LCD LED Screen Display Monitor,,,,,,,199.95
WQHD LCD Cable for Lenovo ThinkPad T480s 01YN996 01YN997,Replacement Laptop LCD LED Screen Display Monitor,,,,"Lenovo ThinkPad T480s (20L7, 20L8)",,,39.95
FHD IPS screen for Lenovo ThinkPad T480s T480 00NY673 01LW010 01YN103,Replacement Laptop LCD LED Screen Display Monitor,,"00NY673, 01YN103, 01LW010",,"ThinkPad T480s (20L7, 20L8)
ThinkPad T480 (20L5, 20L6)",,,179.95
New LCD Video Cable for Lenovo ThinkPad T570 T580 P51s P52s 01ER028 01ER029 01ER030,Replacement Laptop LCD LED Screen Display Monitor,,"01ER028, 01ER029, 01ER030",,"ThinkPad T570
ThinkPad T580
ThinkPad P51s
ThinkPad P52s",,,39.95
4K UHD LCD Screen for Lenovo ThinkPad T570 T580 P51s P52s 00UR894 NV156QUM-N44,Replacement Laptop LCD LED Screen Display Monitor,,,,,,,199.95
Touch Screen for Lenovo ThinkPad T570 P51S 00UR888 00UR889,Replacement Laptop LCD LED Screen Display Monitor,,"00UR888, 00UR889",,"Thinkpad P51s (20K0, 20JY)
Thinkpad T570 (20H9, 20HA)",,,199.95
New FHD LCD screen for Lenovo ThinkPad T570 P51S 00UR885 00UR886,Replacement Laptop LCD LED Screen Display Monitor,,,,"Thinkpad P51s (20K0, 20JY)
Thinkpad T570 (20H9, 20HA)",,,149.95
New LCD Cable for Lenovo ThinkPad X1 Carbon 5th Gen 2017 01LV472 01LV499,Replacement Laptop LCD LED Screen Display Monitor,,"01LV472, 01LV473, 01LV474, 01LV499",,"ThinkPad X1 Carbon 5th Gen 2017 (20HR, 20HQ, 20K3, 20K4)",,,39.95
New LCD Screen for Lenovo ThinkPad X1 Carbon 5th 6th Gen 00NY435 00NY436,Replacement Laptop LCD LED Screen Display Monitor,,,,"ThinkPad X1 Carbon 5th Gen 2017 (20HR, 20HQ, 20K3, 20K4)
ThinkPad X1 Carbon 6th Gen 2018 (20KG, 20KG)",,,159.95
Touchscreen Assembly for Lenovo YOGA 720-13IKB 5D10N24290,Replacement Laptop LCD LED Screen Display Monitor,,5D10N24290,,"LENOVO YOGA 720-13IKB TYPE 81C3
LENOVO YOGA 720-13IKB TYPE 80X6",,,259.99
Touch Screen Assembly for Lenovo Miix 520-12IKB 5D10P92363 5D10P92347,Replacement Laptop LCD LED Screen Display Monitor,,,,,,,299.99
Touch Screen Assembly for Lenovo Miix 510-12ISK 12IKB KD122N5-30NH-A3 5D10M13938,Replacement Laptop LCD LED Screen Display Monitor,,,,,,,299.99
Touch Screen Assembly for Lenovo Miix 700-12ISK 5D10K37833 W/ bezel,Replacement Laptop LCD LED Screen Display Monitor,,,,,,,239.95
Touch Screen for Lenovo ThinkPad T470s 00UR895 R140NWF5 R1,Replacement Laptop LCD LED Screen Display Monitor,,"SD10M65528
00UR895
R140NWF5 R1",,ThinkPad T470s,,,189.95
LCD Screen Assembly for ASUS ZenBook 3 UX390UA,Replacement Laptop LCD LED Screen Display Monitor,,,,ASUS ZenBook 3 UX390UA,,,259.95
"Touchscreen Assembly for Asus ZenBook Flip UX360CA, UX360CA-AH51T",Replacement Laptop LCD LED Screen Display Monitor,,,,"ASUS ZenBook Flip UX360CA
ASUS ZenBook Flip UX360CA-DBM2T
ASUS ZenBook Flip UX360CA-AH51T
ASUS ZenBook Flip UX360CA-UBM1T
ASUS ZenBook Flip UX360CA-UBM2T
ASUS ZenBook Flip UX360CA-UHM1T
and more",,,269.95
